link,title
https://johnsoncontrols.fluidtopics.net/viewer/document/Ay1soi5abZqbxBgftkudXQ,249890161.pdf
https://johnsoncontrols.fluidtopics.net/viewer/document/ayjBF3VlgxcBVCTNbof9zw,2410143500.pdf
https://johnsoncontrols.fluidtopics.net/viewer/document/AYRYRp~ZQartoarqkrdX1w,9305001.pdf
https://johnsoncontrols.fluidtopics.net/viewer/document/AZqDW_e04v3twNLcKrW7VA,445980.pdf
https://johnsoncontrols.fluidtopics.net/viewer/document/Azr_bzwxRrGBiOz_I9DWHw,12011970.pdf
https://johnsoncontrols.fluidtopics.net/viewer/document/AzvSrEnqfY8FYpHUTeefPg,8050PS.pdf
https://johnsoncontrols.fluidtopics.net/viewer/document/B_3ss~tiTNjHplOstW~G0w,145.25-PA26.pdf
https://johnsoncontrols.fluidtopics.net/viewer/document/B_3ss~tiTNjHplOstW~G0w,145.25-PA26.pdf
https://johnsoncontrols.fluidtopics.net/viewer/document/b_n_v6B8XNXLB~p5sAliag,447036.pdf
https://johnsoncontrols.fluidtopics.net/viewer/document/b_uOceRlCFSWnfuxqtbN0g,12011531.pdf
https://johnsoncontrols.fluidtopics.net/viewer/document/B_VC_4DR4BUeNtP9NJhIdg,145.19-PA2.pdf
https://johnsoncontrols.fluidtopics.net/viewer/document/B_VC_4DR4BUeNtP9NJhIdg,145.19-PA2.pdf
https://johnsoncontrols.fluidtopics.net/viewer/document/B~3sE2NNTkb3PouUu5OWgg,PUBL_5304.pdf
https://johnsoncontrols.fluidtopics.net/viewer/document/b~d0cIizPswoFAQ6pie05g,249890595.pdf
https://johnsoncontrols.fluidtopics.net/viewer/document/B~eup9vW11oSVNAsUbGO1A,1928210.pdf
https://johnsoncontrols.fluidtopics.net/viewer/document/b0rR5ub9HS7SbDkVgl5qqQ,9305009.pdf
https://johnsoncontrols.fluidtopics.net/viewer/document/B12XBf8jrIqQgerUZtaGDg,6295520.pdf
https://johnsoncontrols.fluidtopics.net/viewer/document/b14stX0am6S74773VSqfWw,121075.pdf
https://johnsoncontrols.fluidtopics.net/viewer/document/b1y8DR3Gr1lTk_naXVAXWw,7171010.pdf
https://johnsoncontrols.fluidtopics.net/viewer/document/B2ghRIcVeHrq~sUEhbuz3g,2495169.pdf
https://johnsoncontrols.fluidtopics.net/viewer/document/b2pkY927aIgBqSEYrZ32VQ,pkgslp2.pdf
https://johnsoncontrols.fluidtopics.net/viewer/document/b3drQLQc69Y6ELBKoUB6Bw,12012506.pdf
https://johnsoncontrols.fluidtopics.net/viewer/document/B3lClhcli302c4mX8MDHCw,2476642608.pdf
https://johnsoncontrols.fluidtopics.net/viewer/document/B3O4HNJQdRpmdxSABN0GBg,636224.pdf
https://johnsoncontrols.fluidtopics.net/viewer/document/b3SUb5Bwo7JPpDGDozkbZA,1900606.pdf
https://johnsoncontrols.fluidtopics.net/viewer/document/b3ZlnWokuD6vDKgSDwxViQ,1449244.pdf
https://johnsoncontrols.fluidtopics.net/viewer/document/B476Wl2MziNoFg3KQwZgDw,1900060.pdf
https://johnsoncontrols.fluidtopics.net/viewer/document/b4gii1hFl4OH1RTRdYZDTQ,12011269.pdf
https://johnsoncontrols.fluidtopics.net/viewer/document/b4kd9r2b5J8VoEiIEadmuQ,977140.pdf
https://johnsoncontrols.fluidtopics.net/viewer/document/B4oFO5lqCaRpldtszkP6Hg,1900626.pdf
https://johnsoncontrols.fluidtopics.net/viewer/document/B57CXrfor0NvgRZnpLdgiA,12011950.pdf
https://johnsoncontrols.fluidtopics.net/viewer/document/b600f_qJDsdQ3A1oT4IGRw,12011624.pdf
https://johnsoncontrols.fluidtopics.net/viewer/document/B7MAVupLYW6o2NST~rpc~g,24766403752.pdf
https://johnsoncontrols.fluidtopics.net/viewer/document/B7W1uPZGYLB0E80U5aRrdg,12013308.pdf
https://johnsoncontrols.fluidtopics.net/viewer/document/b7ZIeHh0meazlEWaLczJSg,12011119.pdf
https://johnsoncontrols.fluidtopics.net/viewer/document/B9m9nYXXDqUnnBlOg8XE2A,PUBL_5305.pdf
https://johnsoncontrols.fluidtopics.net/viewer/document/B9sb69phWUhDJlKdNbhUBw,125187.pdf
https://johnsoncontrols.fluidtopics.net/viewer/document/Ba6LtGcUnbzjKHqEatzi1w,1900310.pdf
https://johnsoncontrols.fluidtopics.net/viewer/document/bacr~eD043z2oHZBTOUokA,636077.pdf
https://johnsoncontrols.fluidtopics.net/viewer/document/BAW4p_YXjm9qr9msx4qeZQ,3417231.pdf
https://johnsoncontrols.fluidtopics.net/viewer/document/bAYEIlq~uWGU81FVm0xhtA,694750.pdf
https://johnsoncontrols.fluidtopics.net/viewer/document/BbVN3sXVh2nsY79LiJZIiw,12011608.pdf
https://johnsoncontrols.fluidtopics.net/viewer/document/BCa8dvwem2gduk5gavDDaw,930070.pdf
https://johnsoncontrols.fluidtopics.net/viewer/document/BCE0cTeNESQ5WQdx8T77EA,1900105.pdf
https://johnsoncontrols.fluidtopics.net/viewer/document/bCHL0kg_OKNTx9~9L7cJ6Q,1900313.pdf
https://johnsoncontrols.fluidtopics.net/viewer/document/bcKOiVwF2kDe2_Hkud94dg,1201164.pdf
https://johnsoncontrols.fluidtopics.net/viewer/document/bDjESVMW3V4XDbz4oFx1nw,1900077.pdf
https://johnsoncontrols.fluidtopics.net/viewer/document/bdO4y3ewI95yw~5to5871A,977354.pdf
https://johnsoncontrols.fluidtopics.net/viewer/document/BdVXcZY8y~eL8~_O4DJtpQ,12011197.pdf
https://johnsoncontrols.fluidtopics.net/viewer/document/bdxlfI_WOcQ2sSODheAa0g,636218.pdf
https://johnsoncontrols.fluidtopics.net/viewer/document/BEdDatZw1~3uYx943nTu1g,S4010-0011.pdf
https://johnsoncontrols.fluidtopics.net/viewer/document/BEgsJrZ1nDJ2G96dDym4OQ,12013220_de.pdf
https://johnsoncontrols.fluidtopics.net/viewer/document/BEgsJrZ1nDJ2G96dDym4OQ,12013220_de.pdf
https://johnsoncontrols.fluidtopics.net/viewer/document/Beik17Cm9fGR2_Oug8viYg,24980720.pdf
https://johnsoncontrols.fluidtopics.net/viewer/document/BFagBIjUd8_AJgjAIYwobQ,2498901419.pdf
https://johnsoncontrols.fluidtopics.net/viewer/document/BFmX~87rFgYQsZPVcVJ_4Q,241039317.pdf
https://johnsoncontrols.fluidtopics.net/viewer/document/bG0GBVLwrFHGmXNmOQcZQQ,12011697.pdf
https://johnsoncontrols.fluidtopics.net/viewer/document/Bgn_tTt~pWGSOU9UnyVQXg,977282.pdf
https://johnsoncontrols.fluidtopics.net/viewer/document/Bgn_tTt~pWGSOU9UnyVQXg,977282.pdf
https://johnsoncontrols.fluidtopics.net/viewer/document/Bgn_tTt~pWGSOU9UnyVQXg,977282.pdf
https://johnsoncontrols.fluidtopics.net/viewer/document/BhaQLlTeSkeQEP3bzlA_Ww,7171245.pdf
https://johnsoncontrols.fluidtopics.net/viewer/document/bhMRu_m8AViJgDAtRGvp7Q,4435235.pdf
https://johnsoncontrols.fluidtopics.net/viewer/document/bhSScwj3~tndwYLjF91zLw,148837584.pdf
https://johnsoncontrols.fluidtopics.net/viewer/document/Bi0sqFg3Cd8k9JR_zHlw3A,1901090.pdf
https://johnsoncontrols.fluidtopics.net/viewer/document/BibA_UuFS~hLnefHLFM7Gg,1929115.pdf
https://johnsoncontrols.fluidtopics.net/viewer/document/biDv5kIFDKkBmxdJct0DIg,1921160.pdf
https://johnsoncontrols.fluidtopics.net/viewer/document/BIEZOLvYwIjwW9KIhAgv8Q,249890404.pdf
https://johnsoncontrols.fluidtopics.net/viewer/document/BjAgjsKJiqI10o8MoU7cCA,1900620.pdf
https://johnsoncontrols.fluidtopics.net/viewer/document/bJfPhXr9V1bkEjeXjlDpYQ,1201638.pdf
https://johnsoncontrols.fluidtopics.net/viewer/document/bjRPxAV9lHXuAd569s8f9w,1927365.pdf
https://johnsoncontrols.fluidtopics.net/viewer/document/BkIpcR0NkoPaUyZloHK9dw,629075.pdf
https://johnsoncontrols.fluidtopics.net/viewer/document/bkRc0FoCCtNTkqyyYd7lMA,216451.pdf
https://johnsoncontrols.fluidtopics.net/viewer/document/BKtQSVJGxzRt_3UGsAoq0w,12011680.pdf
https://johnsoncontrols.fluidtopics.net/viewer/document/BkzBYj4lrdIsRYd8VzOofA,1929100.pdf
https://johnsoncontrols.fluidtopics.net/viewer/document/BL~fKwLdrQtn2YojS2xqJA,7171240.pdf
https://johnsoncontrols.fluidtopics.net/viewer/document/Bl~ydp0mjXMQMSaj_aYbsg,12011242.pdf
https://johnsoncontrols.fluidtopics.net/viewer/document/BL0RqvGXXc5S0MVQEIyl9w,1924510.pdf
https://johnsoncontrols.fluidtopics.net/viewer/document/BLCBxhOWycH62JMj79GdMg,244034247.pdf
https://johnsoncontrols.fluidtopics.net/viewer/document/BLthkajKrn_jCszvTGzDTg,1929090.pdf
https://johnsoncontrols.fluidtopics.net/viewer/document/BM~nhRq4B8Bu9E8qJuYTvg,1201742.pdf
https://johnsoncontrols.fluidtopics.net/viewer/document/Bm5H2jYisSeZlvpdJTZkxw,1900597.pdf
https://johnsoncontrols.fluidtopics.net/viewer/document/BMlIeUOdjbhbqzWl_sLtnQ,2410143667.pdf
https://johnsoncontrols.fluidtopics.net/viewer/document/bMU47Z4QUKNsUCshO~hVAA,12011085.pdf
https://johnsoncontrols.fluidtopics.net/viewer/document/BN~QKiO1PPFaagN8vt_qdA,977AN11.pdf
https://johnsoncontrols.fluidtopics.net/viewer/document/BNcJNQHUH8dUbPzNXuNMPA,751600.pdf
https://johnsoncontrols.fluidtopics.net/viewer/document/bNHmvnGaHgoLiAqtwzDN0Q,121655.pdf
https://johnsoncontrols.fluidtopics.net/viewer/document/bnIBoUrC4s79~g8bVxLwdQ,1921570.pdf
https://johnsoncontrols.fluidtopics.net/viewer/document/bNyo2ni_PZnH61yxbFsIQw,12012552.pdf
https://johnsoncontrols.fluidtopics.net/viewer/document/bOOaHv~TjLazm3b4NP_8zw,2498901370.pdf
https://johnsoncontrols.fluidtopics.net/viewer/document/Bos~tYAllsDoN3FpD6piwQ,346362197.pdf
https://johnsoncontrols.fluidtopics.net/viewer/document/boSePqUcSmLFKJRM2rskjg,6363070.pdf
https://johnsoncontrols.fluidtopics.net/viewer/document/bOy~se1MynAudDKzVxnG7w,14129721.pdf
https://johnsoncontrols.fluidtopics.net/viewer/document/Bpq2LxeFju4XH0FWSpO0Jg,241051174.pdf
https://johnsoncontrols.fluidtopics.net/viewer/document/bPvnVMFDWP6BYPzOHTiaKg,12011124.pdf
https://johnsoncontrols.fluidtopics.net/viewer/document/BQDM32bIcx5qVdEc57pACA,6375185.pdf
https://johnsoncontrols.fluidtopics.net/viewer/document/BqiaLn5kgoLMz_wb67OjSg,12011805.pdf
https://johnsoncontrols.fluidtopics.net/viewer/document/bQk7EtqoXDRGtthzarcYjg,9305007.pdf
https://johnsoncontrols.fluidtopics.net/viewer/document/bQQFC2aMtBweTshZWbqkcQ,1159200.pdf
https://johnsoncontrols.fluidtopics.net/viewer/document/bqrvYHOJph1~A~wAi91Otg,12011782.pdf
https://johnsoncontrols.fluidtopics.net/viewer/document/bQUc03GIku1gkQV_d8zfbA,241125600023.pdf
https://johnsoncontrols.fluidtopics.net/viewer/document/BRaxEWDHC4zFWoYGsY4XWA,9305033.pdf
https://johnsoncontrols.fluidtopics.net/viewer/document/BREc2NazDNw5ucgHgLaKUA,12011496.pdf
https://johnsoncontrols.fluidtopics.net/viewer/document/BsPuqZUgsYrXUzxhfYbH3A,7171475X.pdf
https://johnsoncontrols.fluidtopics.net/viewer/document/Bt~aJcHXOwQ1XS7_KA_gBg,636139.pdf
https://johnsoncontrols.fluidtopics.net/viewer/document/bt4rRWd1zBXjDceibbId5A,4458218.pdf
https://johnsoncontrols.fluidtopics.net/viewer/document/bU8hn3aZmILGKlQ8BTrO4g,12013354.pdf
https://johnsoncontrols.fluidtopics.net/viewer/document/buA8iQZFIQ~Q1ZsI9y8LKg,241014301574.pdf
https://johnsoncontrols.fluidtopics.net/viewer/document/BUaDTyLPH2zGuWEhRtC2qA,1900832.pdf
https://johnsoncontrols.fluidtopics.net/viewer/document/BUdQW0vbWlfvDqDITqiniw,1901036.pdf
https://johnsoncontrols.fluidtopics.net/viewer/document/Bvdyjcozo4luaaMA7~llgg,636047.pdf
https://johnsoncontrols.fluidtopics.net/viewer/document/BvKXq4T0sca~0mE_6OD8Ww,241033245.pdf
https://johnsoncontrols.fluidtopics.net/viewer/document/BVScgUcdgrSErYLnhDqJdw,12012392.pdf
https://johnsoncontrols.fluidtopics.net/viewer/document/bvtt6hyJxNCRamJ~oYC0aw,7171088X.pdf
https://johnsoncontrols.fluidtopics.net/viewer/document/BxFp2aLWV0C4PJ7J_DRLew,44598213.pdf
https://johnsoncontrols.fluidtopics.net/viewer/document/bXIbGq6y4fkRjAC4vihn0Q,145.25-PA27.pdf
https://johnsoncontrols.fluidtopics.net/viewer/document/bXIbGq6y4fkRjAC4vihn0Q,145.25-PA27.pdf
https://johnsoncontrols.fluidtopics.net/viewer/document/BXLrbYpkMPZRqgCubncTMg,12011962.pdf
https://johnsoncontrols.fluidtopics.net/viewer/document/BXzeU87xhmrLiohQCvWMgA,12013560.pdf
https://johnsoncontrols.fluidtopics.net/viewer/document/bYj_dIs23Yd81BuXq8bLlA,1921530.pdf
https://johnsoncontrols.fluidtopics.net/viewer/document/BYYlLLJvv5Tzrf7JnvQ0TQ,125665.pdf
https://johnsoncontrols.fluidtopics.net/viewer/document/BZ1sk7UR5lhMAXgsVJupmA,1922115.pdf
https://johnsoncontrols.fluidtopics.net/viewer/document/bzb_vaANcUzbEinv5bQPRg,12011147.pdf
https://johnsoncontrols.fluidtopics.net/viewer/document/BZQDZE26PSXvXMMKkDTQvQ,125490.pdf
https://johnsoncontrols.fluidtopics.net/viewer/document/bzyHGhTXVHMdmZ6VhFBdew,1900823.pdf
https://johnsoncontrols.fluidtopics.net/viewer/document/c~ICzrfsnRX2X5gtDezPCg,44112140.pdf
https://johnsoncontrols.fluidtopics.net/viewer/document/c05Xg3wY8DxsRWEw1GIHIw,1412015.pdf
https://johnsoncontrols.fluidtopics.net/viewer/document/C2W73kwSay46b27B9r_S0w,12011719.pdf
https://johnsoncontrols.fluidtopics.net/viewer/document/C38d3MHkGOJA7obHJXG5Ug,6295160.pdf
https://johnsoncontrols.fluidtopics.net/viewer/document/c3f2sfF7FRB8Yeq7R0yJuw,12011249.pdf
https://johnsoncontrols.fluidtopics.net/viewer/document/C3VZFTZZ0cWYo31mA7Y3~w,1201308.pdf
https://johnsoncontrols.fluidtopics.net/viewer/document/C49HoeswVaCLYL6QienuNA,241088712.pdf
https://johnsoncontrols.fluidtopics.net/viewer/document/c4yndfVCt89CLyy1K_h7KQ,241144600018_en.pdf
https://johnsoncontrols.fluidtopics.net/viewer/document/c5dR_OGLQKWMzMUfzhQSqQ,635010.pdf
https://johnsoncontrols.fluidtopics.net/viewer/document/c7APsmkfsVuCvfkffKoIuw,12011290.pdf
https://johnsoncontrols.fluidtopics.net/viewer/document/C7H1lzt4mDqn7X1tAWEYYA,121250.pdf
https://johnsoncontrols.fluidtopics.net/viewer/document/c7MiA0doiJayq6v1lVD5pQ,6295215.pdf
https://johnsoncontrols.fluidtopics.net/viewer/document/c80lOeSp0aZewC~MJKXgvQ,248581258.pdf
https://johnsoncontrols.fluidtopics.net/viewer/document/C8Uj8RMQ_KhXNZSeE4acoQ,14133026.pdf
https://johnsoncontrols.fluidtopics.net/viewer/document/c9HpovGjaXz7641~GzTm9A,7171215.pdf
https://johnsoncontrols.fluidtopics.net/viewer/document/c9NB3dKMuGjJ_Ibun2DqcQ,2681126.pdf
https://johnsoncontrols.fluidtopics.net/viewer/document/C9UYCL6sd7RWkf1lZJ0cMQ,12013359.pdf
https://johnsoncontrols.fluidtopics.net/viewer/document/ca_k0u4fkYnkJ2GQm4VqOQ,216245.pdf
https://johnsoncontrols.fluidtopics.net/viewer/document/cAe7mD~VDBAWmJplz91gDg,125511.pdf
https://johnsoncontrols.fluidtopics.net/viewer/document/cAFh1Tb6fDtcLtpVQM3dcA,2495277.pdf
https://johnsoncontrols.fluidtopics.net/viewer/document/cAHipsPgKkH_yr~7I52EUw,346361468.pdf
https://johnsoncontrols.fluidtopics.net/viewer/document/CaI6LtSjhjzrkwJjNd~G4A,1900364.pdf
https://johnsoncontrols.fluidtopics.net/viewer/document/car4qagC2gRKcZH~vQ3xbg,125645.pdf
https://johnsoncontrols.fluidtopics.net/viewer/document/cAufNBpWOa0JsCZnVkXMGQ,12011038.pdf
https://johnsoncontrols.fluidtopics.net/viewer/document/cb17M6UKW1wdRX8oj98unw,445815.pdf
https://johnsoncontrols.fluidtopics.net/viewer/document/CBo0X36tQDrSpQuCOzy5wA,1201642.pdf
https://johnsoncontrols.fluidtopics.net/viewer/document/CBzG2RBtrfoxCECjNJedvQ,351H110.pdf
https://johnsoncontrols.fluidtopics.net/viewer/document/cc8CQQZArTyKDAP0aHO8Tw,2681054P.pdf
https://johnsoncontrols.fluidtopics.net/viewer/document/CcAjP4ovPgbSV1GDZq_ozg,9305019.pdf
https://johnsoncontrols.fluidtopics.net/viewer/document/CCOM3siH0~f0ZpXbvkqvjA,1900303.pdf
https://johnsoncontrols.fluidtopics.net/viewer/document/cCrlwIu4fqRcx~UaHQpJ~A,6363065.pdf
https://johnsoncontrols.fluidtopics.net/viewer/document/CdM4pPn8BZWaRk830srgkw,12011556.pdf
https://johnsoncontrols.fluidtopics.net/viewer/document/CDsnIBnIcNy1rTa0PZMTgg,1921425.pdf
https://johnsoncontrols.fluidtopics.net/viewer/document/cdZAhVQjHZV0ydO2xWOqpQ,977185.pdf
https://johnsoncontrols.fluidtopics.net/viewer/document/ceMaszsrpW_7QTv6odOfpA,PUBL5256.pdf
https://johnsoncontrols.fluidtopics.net/viewer/document/CEot5NVNmxDPHRv~b5wJ4A,12011360.pdf
https://johnsoncontrols.fluidtopics.net/viewer/document/Cep6bcspeXwsKVWGk__YKA,216250P.pdf
https://johnsoncontrols.fluidtopics.net/viewer/document/Cfbh2uO5h_3N4wauSsfPBw,1900360.pdf
https://johnsoncontrols.fluidtopics.net/viewer/document/cFJ~UBIVSO29TqybJO87xA,977257.pdf
https://johnsoncontrols.fluidtopics.net/viewer/document/cfq0KVoM_ky28Pa~1ndbzw,12012501.pdf
https://johnsoncontrols.fluidtopics.net/viewer/document/CFR15jF3WzYkwwFAmIe92A,24989048.pdf
https://johnsoncontrols.fluidtopics.net/viewer/document/CfVjrJEw1oZsKkmyGfonkg,2498901095.pdf
https://johnsoncontrols.fluidtopics.net/viewer/document/cG5NfEjIxjZ3pSFd0tPX3w,241078913.pdf
https://johnsoncontrols.fluidtopics.net/viewer/document/cgKmlFMb4Ic6eik~eWoiiw,1201656.pdf
https://johnsoncontrols.fluidtopics.net/viewer/document/cgwd_dYPncFkpVi~WBEX1w,653354.pdf
https://johnsoncontrols.fluidtopics.net/viewer/document/ch_QGFMm66vHNJtFb5alTg,145.15-PA5.pdf
https://johnsoncontrols.fluidtopics.net/viewer/document/ch_QGFMm66vHNJtFb5alTg,145.15-PA5.pdf
https://johnsoncontrols.fluidtopics.net/viewer/document/cHck9DCZW4o1sK8AzPnPGw,1201628.pdf
https://johnsoncontrols.fluidtopics.net/viewer/document/CHf1V5lmHgnxQ5I0aPLmvg,6363224.pdf
https://johnsoncontrols.fluidtopics.net/viewer/document/chggR2VRwKyi11Exng3tvA,
https://johnsoncontrols.fluidtopics.net/viewer/document/ChKKgwWNgYxdQ7lR6AhvXw,804250.pdf
https://johnsoncontrols.fluidtopics.net/viewer/document/cHsokukjrN7BGPWduAMfoQ,1900801.pdf
https://johnsoncontrols.fluidtopics.net/viewer/document/CijKwHX3NxxZB8s2AgJ81A,121102.pdf
https://johnsoncontrols.fluidtopics.net/viewer/document/cImIbySQQZykta1i4sZHjg,2498055.pdf
https://johnsoncontrols.fluidtopics.net/viewer/document/CiU92dKH18fOPXIfpBphIw,1921095.pdf
https://johnsoncontrols.fluidtopics.net/viewer/document/cIYtxr23gysRxCAA7sM0hw,2494508.pdf
https://johnsoncontrols.fluidtopics.net/viewer/document/cJjAhU5N2K921eBfcSsRIg,12011220.pdf
https://johnsoncontrols.fluidtopics.net/viewer/document/Cjl5SCHa1YLqxEwg21Py8Q,1162360.pdf
https://johnsoncontrols.fluidtopics.net/viewer/document/CJv8FEtyFy3WlsJPrEQlow,12011822.pdf
https://johnsoncontrols.fluidtopics.net/viewer/document/ck39L2X9GANmQJmzyzX6hQ,12011253.pdf
https://johnsoncontrols.fluidtopics.net/viewer/document/cl~LbsGOEK6ousfuLh8_Vw,PUBL5257.pdf
https://johnsoncontrols.fluidtopics.net/viewer/document/Clhv09oyF3G4qtynyf015w,241014301469.pdf
https://johnsoncontrols.fluidtopics.net/viewer/document/cLKu6wr7foo4GEijTkxaRA,
https://johnsoncontrols.fluidtopics.net/viewer/document/CM~~SVFzOOh0SpPfOKBqPw,24320018.pdf
https://johnsoncontrols.fluidtopics.net/viewer/document/cMsXFUQc~uly_n5MvPDjdg,121035.pdf
https://johnsoncontrols.fluidtopics.net/viewer/document/cnI~p9nuSlU0R9pQ3g_slw,148837592.pdf
https://johnsoncontrols.fluidtopics.net/viewer/document/Co3xtORRkrMw3E9OGrQRtw,241102500013.pdf
https://johnsoncontrols.fluidtopics.net/viewer/document/cogSZNaUrt2EuWonJ~cHUw,1900284.pdf
https://johnsoncontrols.fluidtopics.net/viewer/document/CojaiGEN0JnDukRfyUeGNQ,12016.pdf
https://johnsoncontrols.fluidtopics.net/viewer/document/COUeQHYVevRCKxKt_F8DyQ,1201266.pdf
https://johnsoncontrols.fluidtopics.net/viewer/document/cpCoIUUwufSdkNVbkFJg4g,636041.pdf
https://johnsoncontrols.fluidtopics.net/viewer/document/cPhEOlHwhSyxEYAl0DTWwg,1900287.pdf
https://johnsoncontrols.fluidtopics.net/viewer/document/cpRqw_4oa6~MxAy5yzAPxg,125430.pdf
https://johnsoncontrols.fluidtopics.net/viewer/document/cPUguqPAyA18SnIIaJynUg,1922495.pdf
https://johnsoncontrols.fluidtopics.net/viewer/document/CPvRW7jbr8pxVAwnFlVTDA,7171160X.pdf
https://johnsoncontrols.fluidtopics.net/viewer/document/cpWLSdohGMZCb5bZ_h9ZZw,1201636.pdf
https://johnsoncontrols.fluidtopics.net/viewer/document/cq6ZcjhrOkpjgHRkXFbDAQ,694310.pdf
https://johnsoncontrols.fluidtopics.net/viewer/document/CQS9674CGQwUIwMIoXgFFw,2410174107.pdf
https://johnsoncontrols.fluidtopics.net/viewer/document/cqSu2FBGFDFfjkbKFi6wWw,121831.PDF
https://johnsoncontrols.fluidtopics.net/viewer/document/Cr620OPkpfredKFh9ryZYA,1900048.pdf
https://johnsoncontrols.fluidtopics.net/viewer/document/CRpss8xEFZdGFHtnzfdckA,12011681.pdf
https://johnsoncontrols.fluidtopics.net/viewer/document/crZAY~6JrWqRb0I22hH4vw,Y20EBE_2.pdf
https://johnsoncontrols.fluidtopics.net/viewer/document/cS40lfMwvkTcvWxjUCWtbw,12012388.pdf
https://johnsoncontrols.fluidtopics.net/viewer/document/cS6Ue5QmYV8_87s3b~qLKg,1900538.pdf
https://johnsoncontrols.fluidtopics.net/viewer/document/CsYkqsRXkeyZsQkEKkuF_w,977312.pdf
https://johnsoncontrols.fluidtopics.net/viewer/document/Ct1GgQdGQI0dm4yzXutPkw,125780.pdf
https://johnsoncontrols.fluidtopics.net/viewer/document/ctdN5jsnFliQpwbrz~xV6A,9305023.pdf
https://johnsoncontrols.fluidtopics.net/viewer/document/CtfTEGfft26F1mKu~dGdTw,636124.pdf
https://johnsoncontrols.fluidtopics.net/viewer/document/CtrX_Q7jD8yh_bziWGxaFQ,2498901176.pdf
https://johnsoncontrols.fluidtopics.net/viewer/document/CUawRnte451lnxqHxHig3g,12011471.pdf
https://johnsoncontrols.fluidtopics.net/viewer/document/CUemStIECCcGspauJ~fslw,2494476.pdf
https://johnsoncontrols.fluidtopics.net/viewer/document/cuiMEcFA6vnkR1DhUFPB4A,S49WP-0001.pdf
https://johnsoncontrols.fluidtopics.net/viewer/document/CuqCWB5qp7aeLk4wdbDBhA,1201310.pdf
https://johnsoncontrols.fluidtopics.net/viewer/document/CurSsPfZp_dd5ih9hIYTeg,12011221.pdf
https://johnsoncontrols.fluidtopics.net/viewer/document/CUxUeLdGDHRcgbfr3xuIqg,12012386.pdf
https://johnsoncontrols.fluidtopics.net/viewer/document/cvGxjJD3Cc0Brz65s3bm_g,694810.pdf
https://johnsoncontrols.fluidtopics.net/viewer/document/cVWpdYx4kHFSGRcRrwlMtQ,2476641539.pdf
https://johnsoncontrols.fluidtopics.net/viewer/document/CVX3Uw1EAuJy3sA2iMRZCQ,120142.pdf
https://johnsoncontrols.fluidtopics.net/viewer/document/cW3UmcMGA_IvCiWYHQOxXg,1900014.pdf
https://johnsoncontrols.fluidtopics.net/viewer/document/CWHD7MwBnvILWckjuzyBFw,7171090.pdf
https://johnsoncontrols.fluidtopics.net/viewer/document/cwJYl1q5oVGWzW4fJ9FWxg,12011814.pdf
https://johnsoncontrols.fluidtopics.net/viewer/document/cWnxSooZ6lQ8aftCg~NxXg,12011461.pdf
https://johnsoncontrols.fluidtopics.net/viewer/document/cX~VhhF05OTD6bcNdpS0hQ,12011544.pdf
https://johnsoncontrols.fluidtopics.net/viewer/document/CXAULk8HBuARLEg9T8NeOA,694760.pdf
https://johnsoncontrols.fluidtopics.net/viewer/document/CXm1qfOjlLXvnj4QCkVnPg,12013350.pdf
https://johnsoncontrols.fluidtopics.net/viewer/document/CY4XLKbMhAJ9_cpt77wbgA,216380.pdf
https://johnsoncontrols.fluidtopics.net/viewer/document/cY6wuagy85oR6uNboZg9rg,24766403507.pdf
https://johnsoncontrols.fluidtopics.net/viewer/document/CYEL7CKYbd3KgUbJBsX2aw,1162500.pdf
https://johnsoncontrols.fluidtopics.net/viewer/document/CyhZqHQq4pn61jd9~r60kQ,2476642519.pdf
https://johnsoncontrols.fluidtopics.net/viewer/document/cynG0lin3QZQNzDDMMU9AA,1413456.pdf
https://johnsoncontrols.fluidtopics.net/viewer/document/cyt83iycnL5JvsuWNGAqhg,145.20-PA1.pdf
https://johnsoncontrols.fluidtopics.net/viewer/document/cyt83iycnL5JvsuWNGAqhg,145.20-PA1.pdf
https://johnsoncontrols.fluidtopics.net/viewer/document/CZ1~MqEnbSah6LSHKFflEw,3463602510.pdf
https://johnsoncontrols.fluidtopics.net/viewer/document/cZELTCFpL1jP7Q60DSg6tw,1900459.pdf
https://johnsoncontrols.fluidtopics.net/viewer/document/czmiClScaNuVzXZ7rARdgw,636210.pdf
https://johnsoncontrols.fluidtopics.net/viewer/document/czNjlk7Tklrs_Y1A7_63Vg,2410737156.pdf
https://johnsoncontrols.fluidtopics.net/viewer/document/CzvIl2KKsAmaTpBu1FWrGA,145.23-PA5.pdf
https://johnsoncontrols.fluidtopics.net/viewer/document/CzvIl2KKsAmaTpBu1FWrGA,145.23-PA5.pdf
https://johnsoncontrols.fluidtopics.net/viewer/document/d~I~5QPHRTtxvHxHf8YE9w,24977830.pdf
https://johnsoncontrols.fluidtopics.net/viewer/document/D2FUu_UaYsU2iCkq7lEDWw,12011512.pdf
https://johnsoncontrols.fluidtopics.net/viewer/document/D2goB6s_t1FvayYZFFKn6Q,1900380.pdf
https://johnsoncontrols.fluidtopics.net/viewer/document/D2rhSJ_oN6gFFyRwCwGz9g,1201654.pdf
https://johnsoncontrols.fluidtopics.net/viewer/document/D2sV3dO2k2g3KjhHD04zYA,3299.pdf
https://johnsoncontrols.fluidtopics.net/viewer/document/d5Wfj2qvDkMURXRs8pKQ3A,14_38425.pdf
https://johnsoncontrols.fluidtopics.net/viewer/document/D6Ds3NUVkS~pAgiadwzPPA,12013010.pdf
https://johnsoncontrols.fluidtopics.net/viewer/document/D6qN48_jFVJIToMyacpV3w,346361824.pdf
https://johnsoncontrols.fluidtopics.net/viewer/document/D6xN~4h5jJy7IcVvRc4DSA,S49SVW-0001.pdf
https://johnsoncontrols.fluidtopics.net/viewer/document/d72NDm6MP7AT2F0~mab53g,641050.pdf
https://johnsoncontrols.fluidtopics.net/viewer/document/d7vTQM3zf_Nx0dkHMF8BRQ,12013073.pdf
https://johnsoncontrols.fluidtopics.net/viewer/document/D8B5x2~ga9wk4E2ZhLr47Q,2476642780.pdf
https://johnsoncontrols.fluidtopics.net/viewer/document/D8IqfWKhO5EQ7NIejE9Zcg,1201658.pdf
https://johnsoncontrols.fluidtopics.net/viewer/document/D9eaWJKFWnQ1ohrEm9Es9g,12012389.pdf
https://johnsoncontrols.fluidtopics.net/viewer/document/d9qcjFXzrTgwK_piCrpbRg,635110.pdf
https://johnsoncontrols.fluidtopics.net/viewer/document/d9Up5egu37dXAvFtIzj4FA,120182.pdf
https://johnsoncontrols.fluidtopics.net/viewer/document/D9Z3nHBYMNxb5At3cFf_HQ,12013578.pdf
https://johnsoncontrols.fluidtopics.net/viewer/document/dA9XOHL1kPX0XkvC9icuWg,3539.pdf
https://johnsoncontrols.fluidtopics.net/viewer/document/dABrdM5czSfbKt3jD7xIuA,12011534.pdf
https://johnsoncontrols.fluidtopics.net/viewer/document/DaJQCbzBbfhRsDYsezOZjA,6364120a.pdf
https://johnsoncontrols.fluidtopics.net/viewer/document/dAo6lb5VuO5WgJAvh4gjzA,1153850.pdf
https://johnsoncontrols.fluidtopics.net/viewer/document/DBAj1PQ~5pU8Go0Odex9cQ,249890722.pdf
https://johnsoncontrols.fluidtopics.net/viewer/document/dBWt~6pgCxF0P5hDIli2aA,1921455.pdf
https://johnsoncontrols.fluidtopics.net/viewer/document/dcsiYkvWZ9AINQHMVTKa8w,241115400018.pdf
https://johnsoncontrols.fluidtopics.net/viewer/document/DcT44EHiEDx22e1rAr1kdg,241051131.pdf
https://johnsoncontrols.fluidtopics.net/viewer/document/DcYL6yDosug86oVYoVGizA,125570.pdf
https://johnsoncontrols.fluidtopics.net/viewer/document/dDkUkq8ZgbGco~gdlUJjww,1201516.pdf
https://johnsoncontrols.fluidtopics.net/viewer/document/ddToKAZeRHNchanQDiPT4w,2410143764.pdf
https://johnsoncontrols.fluidtopics.net/viewer/document/ddWBUxc6Ll_RcLVgY37vIQ,2681130.pdf
https://johnsoncontrols.fluidtopics.net/viewer/document/de9GiOg5x12UifCiOeKRSw,653356.pdf
https://johnsoncontrols.fluidtopics.net/viewer/document/dEbYIeOCXDKI51c3GVWOGg,12012084.pdf
https://johnsoncontrols.fluidtopics.net/viewer/document/deWqYN0kTRQYIwmGI4Iatg,12011836.pdf
https://johnsoncontrols.fluidtopics.net/viewer/document/DFbwWj1PBRurWofNbu3PyA,1900684.pdf
https://johnsoncontrols.fluidtopics.net/viewer/document/dfnKJggxnzy339pLXB~N9w,6345020.pdf
https://johnsoncontrols.fluidtopics.net/viewer/document/Dgg5~tUS_~Dy0NGJ8xKOVg,216410.pdf
https://johnsoncontrols.fluidtopics.net/viewer/document/dGlXIAc7v~Pc8z7r~XNDOw,145.12-PA9.pdf
https://johnsoncontrols.fluidtopics.net/viewer/document/dGlXIAc7v~Pc8z7r~XNDOw,145.12-PA9.pdf
https://johnsoncontrols.fluidtopics.net/viewer/document/dGoA5dMK9fCpCdf5ft4WEA,1900257.pdf
https://johnsoncontrols.fluidtopics.net/viewer/document/dgORkCaXIlau1LGIdeS8lg,PUBL3776.pdf
https://johnsoncontrols.fluidtopics.net/viewer/document/dh6fo0CtSmIBDbGcPKdfFA,1900182.pdf
https://johnsoncontrols.fluidtopics.net/viewer/document/dhdbSSfGbsCp41wEShCHFw,12011331.pdf
https://johnsoncontrols.fluidtopics.net/viewer/document/DHyOzj~veEXvPxxwb11ulQ,1900377.pdf
https://johnsoncontrols.fluidtopics.net/viewer/document/dIk808cqHT2bd08oSQFyDQ,148842119.pdf
https://johnsoncontrols.fluidtopics.net/viewer/document/DInHlQuEpYFFvWXyGZFPdw,145.24-PA3.pdf
https://johnsoncontrols.fluidtopics.net/viewer/document/DInHlQuEpYFFvWXyGZFPdw,145.24-PA3.pdf
https://johnsoncontrols.fluidtopics.net/viewer/document/DIOTmKtxsNDcOJs3BB~1bg,2681138.pdf
https://johnsoncontrols.fluidtopics.net/viewer/document/dITsDt3ZudrAKNR8tAYc4A,S4003-0002.pdf
https://johnsoncontrols.fluidtopics.net/viewer/document/DJ_5AQpl3YSM7Ra5N5FeFQ,12013639.pdf
https://johnsoncontrols.fluidtopics.net/viewer/document/dj51ai5EHjl62XVTB~Jd5Q,1928135.pdf
https://johnsoncontrols.fluidtopics.net/viewer/document/djg4G1zfUJpbl21quKTB7A,125487.pdf
https://johnsoncontrols.fluidtopics.net/viewer/document/DJlmBiTBg5TSgiArAhg4XA,
https://johnsoncontrols.fluidtopics.net/viewer/document/dJXYigcLUej5MWdhAM8SiQ,1900781.pdf
https://johnsoncontrols.fluidtopics.net/viewer/document/dk0gP8tMn9tPwwFM4DGl6A,1900564.pdf
https://johnsoncontrols.fluidtopics.net/viewer/document/dkE7ZoHYAzm66RLJxbcIbg,2498901257.pdf
https://johnsoncontrols.fluidtopics.net/viewer/document/dKnxrp03RbhQoeuW4~q7eQ,636236.pdf
https://johnsoncontrols.fluidtopics.net/viewer/document/dLEL6Z3ixqydjxVVDoUzyw,1201666.pdf
https://johnsoncontrols.fluidtopics.net/viewer/document/DM1FTPN1nLO326TzcVATSA,1900277.pdf
https://johnsoncontrols.fluidtopics.net/viewer/document/dMIobk4vA5Qa3qeL1mFCxQ,6364075.pdf
https://johnsoncontrols.fluidtopics.net/viewer/document/DMRsRzYkYZHiJ1fJvLm6Bw,TD-2058.pdf
https://johnsoncontrols.fluidtopics.net/viewer/document/DN~tgc5LY65WieHzfukU8w,636042.pdf
https://johnsoncontrols.fluidtopics.net/viewer/document/dnbpVrDiT7CyAmn2jEC3QQ,635026.pdf
https://johnsoncontrols.fluidtopics.net/viewer/document/do1nkpK7D3BT_Xu9Yxk7WQ,639100.pdf
https://johnsoncontrols.fluidtopics.net/viewer/document/dobWJVvCqCp71iVZyBCvwA,1901045.pdf
https://johnsoncontrols.fluidtopics.net/viewer/document/doTFY6Z_x8GVBI82_UGc2g,636114.pdf
https://johnsoncontrols.fluidtopics.net/viewer/document/dOTGabeVW39sGxn3KSRI1A,24101431396.pdf
https://johnsoncontrols.fluidtopics.net/viewer/document/doYSvKVwxmtwqvq4vO0l_Q,2476641482.pdf
https://johnsoncontrols.fluidtopics.net/viewer/document/DP_DyvKtqlwIP4MnhzJoYg,DMP.pdf
https://johnsoncontrols.fluidtopics.net/viewer/document/Dp6YrUyeYqxsskRqr1lbng,12011469.pdf
https://johnsoncontrols.fluidtopics.net/viewer/document/dPD2AgcnWAFh1m90ZO3fVQ,636118.pdf
https://johnsoncontrols.fluidtopics.net/viewer/document/dpG5DtQIugu5vOJYg1B_qw,6891400.pdf
https://johnsoncontrols.fluidtopics.net/viewer/document/dpu1Gw4Gg3hBsDuXGyYZ4Q,12011052.pdf
https://johnsoncontrols.fluidtopics.net/viewer/document/DPuFuHipS8OTtsykcka5EA,7171085x.pdf
https://johnsoncontrols.fluidtopics.net/viewer/document/dpz~yGy7bj5Z3mVdCHiwTQ,636162.pdf
https://johnsoncontrols.fluidtopics.net/viewer/document/dQLgkqfgBc6HapyvAM2QNA,44598132.pdf
https://johnsoncontrols.fluidtopics.net/viewer/document/DQzEdKgvfrpVU18RdsyI4w,1900490.pdf
https://johnsoncontrols.fluidtopics.net/viewer/document/dRDCs6XcDBOySw4ofqYRmw,12011400.pdf
https://johnsoncontrols.fluidtopics.net/viewer/document/DrWlFr6CuB4AIxD7FSqTEA,977321.pdf
https://johnsoncontrols.fluidtopics.net/viewer/document/Drx8EcbRNlUqlq6a2FIH4A,12011252.pdf
https://johnsoncontrols.fluidtopics.net/viewer/document/drzLpIdJCYAtWD6TCiRdcg,34128076.pdf
https://johnsoncontrols.fluidtopics.net/viewer/document/ds6IBm_s1ixyP_y3ZCriTg,1201457.pdf
https://johnsoncontrols.fluidtopics.net/viewer/document/DsfNsnPMWnxrFZhFFqtOGg,2486691.pdf
https://johnsoncontrols.fluidtopics.net/viewer/document/DsGJEkqHMOkjqmfyy6pqYw,12013118.pdf
https://johnsoncontrols.fluidtopics.net/viewer/document/DSjdWTER8pig8deFSu_KJA,2476642748.pdf
https://johnsoncontrols.fluidtopics.net/viewer/document/DSsCrCRucRwpHx5gd1cTCA,2476642349.pdf
https://johnsoncontrols.fluidtopics.net/viewer/document/dT5jTJQb9k64tRlKgA9FKA,1900555.pdf
https://johnsoncontrols.fluidtopics.net/viewer/document/dTJsHRPaC_C47dUlLkFW5g,12011874.pdf
https://johnsoncontrols.fluidtopics.net/viewer/document/dtLeU4GSnNtyBcFAxIVm4w,1900067.pdf
https://johnsoncontrols.fluidtopics.net/viewer/document/dtnXcTQVkbCVv5ex1pMZBg,125145.pdf
https://johnsoncontrols.fluidtopics.net/viewer/document/dTWYHqW68cr5PAq2olHSPA,346362456.pdf
https://johnsoncontrols.fluidtopics.net/viewer/document/duAWsfMaDshJ8sxKQToLlQ,12013270.pdf
https://johnsoncontrols.fluidtopics.net/viewer/document/dVBMVuUuBmxR4uM7fFjsqw,12013235.pdf
https://johnsoncontrols.fluidtopics.net/viewer/document/dvFtNUWDRef6tGOquCUYQA,14116192.pdf
https://johnsoncontrols.fluidtopics.net/viewer/document/DVH5X6Nq50u2rB1QBOWD7w,636156.pdf
https://johnsoncontrols.fluidtopics.net/viewer/document/Dw_SxBK_AllxESfPyHc2gQ,2410737113.pdf
https://johnsoncontrols.fluidtopics.net/viewer/document/DwApNk9DJNR9IdyqnJ8QRA,1900845.pdf
https://johnsoncontrols.fluidtopics.net/viewer/document/DwByG2tQjDkx_fj4ovyY0w,125245.pdf
https://johnsoncontrols.fluidtopics.net/viewer/document/DWLCj8F0C0gV8ZDF6TCDyQ,12013213.pdf
https://johnsoncontrols.fluidtopics.net/viewer/document/DwmnUGi4cI50rMacEZsuLQ,1201929.pdf
https://johnsoncontrols.fluidtopics.net/viewer/document/dwMR1NU003N6yb3e4hk7gQ,12011830.pdf
https://johnsoncontrols.fluidtopics.net/viewer/document/DWo9qTjP0TmtWpY3P3w3rg,655651.pdf
https://johnsoncontrols.fluidtopics.net/viewer/document/DWtLbqIpD1VTKmKhQsWk0w,12011585.pdf
https://johnsoncontrols.fluidtopics.net/viewer/document/dwtpOhvy5cnFe1lvketEnA,12013340.pdf
https://johnsoncontrols.fluidtopics.net/viewer/document/DwyRkAf9On9AazB_GhTdbQ,7171615.pdf
https://johnsoncontrols.fluidtopics.net/viewer/document/dx4BAC63G~ZwO5HDO0_eTA,12011595.pdf
https://johnsoncontrols.fluidtopics.net/viewer/document/dXqNp0sJ_VIpt2CfhgQDaQ,1201590.pdf
https://johnsoncontrols.fluidtopics.net/viewer/document/DXXuOphmBOHXgzuI4WWUrw,346362413.pdf
https://johnsoncontrols.fluidtopics.net/viewer/document/dygOO0UDcWl2hh6rJNxm6A,1900805.pdf
https://johnsoncontrols.fluidtopics.net/viewer/document/DyOpZW3X32JkrH0goNcXKg,12013219.pdf
https://johnsoncontrols.fluidtopics.net/viewer/document/dYq3N3ZKqux4TQed~YF5kQ,2681081.pdf
https://johnsoncontrols.fluidtopics.net/viewer/document/dYW57OkWKpCB9jN9w~MrDg,14883602331.pdf
https://johnsoncontrols.fluidtopics.net/viewer/document/dzhGnmnFwoCgqFcdJQrZNA,718050t.pdf
https://johnsoncontrols.fluidtopics.net/viewer/document/e_PdkUipGuQ0bePn5fxWRA,249890684.pdf
https://johnsoncontrols.fluidtopics.net/viewer/document/E_pOHdugfXnkoRcnWJHF_Q,718160.pdf
https://johnsoncontrols.fluidtopics.net/viewer/document/e~NmErXNw568sPDkl48X9w,2448913.pdf
https://johnsoncontrols.fluidtopics.net/viewer/document/E~pT64O_iuKdsPQhl_MnFw,1153100.pdf
https://johnsoncontrols.fluidtopics.net/viewer/document/e0wSaY81tb2rKPosNtrGTA,2476643183.pdf
https://johnsoncontrols.fluidtopics.net/viewer/document/e16YA9L0sBnZStk4M_GVkA,2080-0010.pdf
https://johnsoncontrols.fluidtopics.net/viewer/document/e2ZRnsSkWvnwFJR_eGtqAw,6363153.pdf
https://johnsoncontrols.fluidtopics.net/viewer/document/e3TPEEFTn2h0Av__xdGk~A,694840.pdf
https://johnsoncontrols.fluidtopics.net/viewer/document/E4E9PF6HO3lRhohjMdqtCg,1900102.pdf
https://johnsoncontrols.fluidtopics.net/viewer/document/e4Knz3BNthw2yMIpdDN5Jg,1201163.pdf
https://johnsoncontrols.fluidtopics.net/viewer/document/E4Y8oGi0Mwu9RhRpks6Nkw,346362472.pdf
https://johnsoncontrols.fluidtopics.net/viewer/document/E5AkUbvAIp90P7X3PsIJ3g,1921215.pdf
https://johnsoncontrols.fluidtopics.net/viewer/document/E6Ky4BSc2O31v21rlBRxzg,2681045.pdf
https://johnsoncontrols.fluidtopics.net/viewer/document/e6oYM7JrOUyqSYBIPWo4BA,346361697.pdf
https://johnsoncontrols.fluidtopics.net/viewer/document/E6Yfug1apkF5WUZ4SXdVsg,7171250.pdf
https://johnsoncontrols.fluidtopics.net/viewer/document/E790bpPFGLoc2ha1GYH7Wg,12011127.pdf
https://johnsoncontrols.fluidtopics.net/viewer/document/e7rmLFquvEBP7FAjX63s4w,6295245.pdf
https://johnsoncontrols.fluidtopics.net/viewer/document/e8a~iFl4oVkm~MnmjYKdGQ,636150.pdf
https://johnsoncontrols.fluidtopics.net/viewer/document/E8ACd8QGNzXl_BjKtSU8uQ,7171255x.pdf
https://johnsoncontrols.fluidtopics.net/viewer/document/e8E3PJB5bVCUzk5AS1hiog,1900508.pdf
https://johnsoncontrols.fluidtopics.net/viewer/document/E8jKvAYjZfhjPH3FCaMl0g,12013096.pdf
https://johnsoncontrols.fluidtopics.net/viewer/document/e92Z9sJeI9UupxOBMpFMSg,24107895.pdf
https://johnsoncontrols.fluidtopics.net/viewer/document/E9JqklKHSabarThQ~zxewQ,1900110.pdf
https://johnsoncontrols.fluidtopics.net/viewer/document/eABi07kXmiFAJM4jK8ufKg,1922390.pdf
https://johnsoncontrols.fluidtopics.net/viewer/document/eAFa9xczzbL4EHby34rTyA,121635.pdf
https://johnsoncontrols.fluidtopics.net/viewer/document/ebcXNPQMjn0pjaW2_mrRGA,6363228.pdf
https://johnsoncontrols.fluidtopics.net/viewer/document/EBemsY7YYFLhSS7JiOW2dg,1412335.pdf
https://johnsoncontrols.fluidtopics.net/viewer/document/ebFUW5KnlHOGL789dcf9ZQ,125630.pdf
https://johnsoncontrols.fluidtopics.net/viewer/document/EBNBk5jSQ0sKUbD4tqxt9w,1900807.pdf
https://johnsoncontrols.fluidtopics.net/viewer/document/EBuxrN4uBhBPwxBXnEDRGg,EntraPass.pdf
https://johnsoncontrols.fluidtopics.net/viewer/document/Ebz1qPyhSp9qKCH47PKUPA,1201507.pdf
https://johnsoncontrols.fluidtopics.net/viewer/document/ecaLutM5~mf_xjktZdMAgA,12012147.pdf
https://johnsoncontrols.fluidtopics.net/viewer/document/ecmfOP66clADm311j8LRRw,24766403779.pdf
https://johnsoncontrols.fluidtopics.net/viewer/document/ecq190QCawd2XdeOHyj2Hw,6363356.pdf
https://johnsoncontrols.fluidtopics.net/viewer/document/ecTtQ2zK4Ns2oSXC_94kRg,7171400.pdf
https://johnsoncontrols.fluidtopics.net/viewer/document/ECYDG1DyckxuP8G2GIFlAg,346362103.pdf
https://johnsoncontrols.fluidtopics.net/viewer/document/eCZ8BJV5TjAgbwJjzmIAWA,PUBL-5299.pdf
https://johnsoncontrols.fluidtopics.net/viewer/document/eCZ8BJV5TjAgbwJjzmIAWA,PUBL-5299.pdf
https://johnsoncontrols.fluidtopics.net/viewer/document/ed9ZclsVM6wow2c1fIP9PQ,694780.pdf
https://johnsoncontrols.fluidtopics.net/viewer/document/eDEwe2yMkLGUjNFcv_8bGA,12013209.pdf
https://johnsoncontrols.fluidtopics.net/viewer/document/EDPhWa9t1n8UrTcTumScNQ,2410143497.pdf
https://johnsoncontrols.fluidtopics.net/viewer/document/Eds228Sd_EV4qcXDrvkKFA,8020PS.pdf
https://johnsoncontrols.fluidtopics.net/viewer/document/EdW_4Q6~pB2QfvzCYeyEow,24107880.pdf
https://johnsoncontrols.fluidtopics.net/viewer/document/eDXfC1XrztAAwNuqHUwJnQ,
https://johnsoncontrols.fluidtopics.net/viewer/document/eE9LfK8K5Ot1U46ykJmTWQ,997780.pdf
https://johnsoncontrols.fluidtopics.net/viewer/document/EEc0_xw380er4PMLRuNTDQ,1921235.pdf
https://johnsoncontrols.fluidtopics.net/viewer/document/EEyJbdGBCc63ve6Q9XLaew,12013640.pdf
https://johnsoncontrols.fluidtopics.net/viewer/document/eFLJyGdYjtEE5rVqb0MzXQ,6295500.pdf
https://johnsoncontrols.fluidtopics.net/viewer/document/eGQFoTdOLknhmP_tkJGVkQ,24766403558.pdf
https://johnsoncontrols.fluidtopics.net/viewer/document/EHs5kIRC5GXyXF_9mbbtTA,7171470X.pdf
https://johnsoncontrols.fluidtopics.net/viewer/document/EHY9ipxvZi6wuFRtOi1eug,1201108.pdf
https://johnsoncontrols.fluidtopics.net/viewer/document/EIlvvxmvIeHAUJis_qJ3WQ,1921205.pdf
https://johnsoncontrols.fluidtopics.net/viewer/document/eJDQ9AkRMaHi~8QD1CU25A,240880900111.pdf
https://johnsoncontrols.fluidtopics.net/viewer/document/eJKHSdkBnaxWPRbNeawFJQ,1201616.pdf
https://johnsoncontrols.fluidtopics.net/viewer/document/eKlZxazT3EZkwPx1Ci7_dQ,241073716.pdf
https://johnsoncontrols.fluidtopics.net/viewer/document/eLaTT287bIbxIIa_jd43ZA,6364220.pdf
https://johnsoncontrols.fluidtopics.net/viewer/document/elDWNshdTzOs5G0r0b6NQQ,3463602537.pdf
https://johnsoncontrols.fluidtopics.net/viewer/document/elvZXrpAxVXm~JqbhUsCIg,1900165.pdf
https://johnsoncontrols.fluidtopics.net/viewer/document/EM6q~oRky~L9urKu~L2uHg,6295360.pdf
https://johnsoncontrols.fluidtopics.net/viewer/document/eMic6cOvp~cE9QdkEzJWpg,694770.pdf
https://johnsoncontrols.fluidtopics.net/viewer/document/Emj6~9ybxr5VWHFUTxtSaQ,12011644.pdf
https://johnsoncontrols.fluidtopics.net/viewer/document/emOJd7RvQQ1kjE~vdjwjGQ,249803162.pdf
https://johnsoncontrols.fluidtopics.net/viewer/document/eMp3Sl_dFgkB93Nd88k0dw,2410144211.pdf
https://johnsoncontrols.fluidtopics.net/viewer/document/Enda9cnBbLpEzhhceMznLw,12011449.pdf
https://johnsoncontrols.fluidtopics.net/viewer/document/ENjnd4UDN4TLflndTxSNiA,63631011.pdf
https://johnsoncontrols.fluidtopics.net/viewer/document/eoEY6xB2E_5G3ZTu_XXuDw,145.25-PA12.pdf
https://johnsoncontrols.fluidtopics.net/viewer/document/eoEY6xB2E_5G3ZTu_XXuDw,145.25-PA12.pdf
https://johnsoncontrols.fluidtopics.net/viewer/document/EoyBm9bMtE3gTGRkDkA78g,PUBL5255.pdf
https://johnsoncontrols.fluidtopics.net/viewer/document/eP2Gdd3lp27OyLbxwCCehg,249803170.pdf
https://johnsoncontrols.fluidtopics.net/viewer/document/Ep76z7_jh2Kzho~FTOZLUQ,1413808.pdf
https://johnsoncontrols.fluidtopics.net/viewer/document/EP9T1aTU8xbbzlOZl3qoYg,7171130.pdf
https://johnsoncontrols.fluidtopics.net/viewer/document/epGb4BBXwt6r~w80D3srrQ,145.16-PA6.pdf
https://johnsoncontrols.fluidtopics.net/viewer/document/epGb4BBXwt6r~w80D3srrQ,145.16-PA6.pdf
https://johnsoncontrols.fluidtopics.net/viewer/document/EPuPZ3GPf9T~tBVZA6yj9A,12012273.pdf
https://johnsoncontrols.fluidtopics.net/viewer/document/eq81kDo4rowq6NKRMQ9cJg,6440240.pdf
https://johnsoncontrols.fluidtopics.net/viewer/document/EqCOzAgxW~fXhnZlgAEoyw,12011299.pdf
https://johnsoncontrols.fluidtopics.net/viewer/document/EQEM0BXm8RaRrwgHGjbDkQ,6363355.pdf
https://johnsoncontrols.fluidtopics.net/viewer/document/eqjvJczCvUVm7q~6lq0tJQ,1929020.pdf
https://johnsoncontrols.fluidtopics.net/viewer/document/Eqoxx5OtTGrlSHtHS5e1RQ,653820.pdf
https://johnsoncontrols.fluidtopics.net/viewer/document/EqxhV9DteLhowgc7TpnA2w,12013169_de.pdf
https://johnsoncontrols.fluidtopics.net/viewer/document/eRC~LaLWE6BQPoT21wKNCA,
https://johnsoncontrols.fluidtopics.net/viewer/document/ES34LRF8WbNhG_Znv9VXUw,145.11-PA4.pdf
https://johnsoncontrols.fluidtopics.net/viewer/document/ES34LRF8WbNhG_Znv9VXUw,145.11-PA4.pdf
https://johnsoncontrols.fluidtopics.net/viewer/document/ES7HdzuLA55TPzOYcFl61Q,1201850.pdf
https://johnsoncontrols.fluidtopics.net/viewer/document/ESadZAOdpnI8XjaL0IFj7w,1923190.pdf
https://johnsoncontrols.fluidtopics.net/viewer/document/ESb6J_i74VpdQUGJpFp5DA,1922665.pdf
https://johnsoncontrols.fluidtopics.net/viewer/document/EsSqza2GPfblWNLuqpdZ4A,1201916.pdf
https://johnsoncontrols.fluidtopics.net/viewer/document/essvDTY9K_gBtzbLzvOMzQ,241073700180.pdf
https://johnsoncontrols.fluidtopics.net/viewer/document/eTkTWNvZOL~8aOvaDVidig,14133034.pdf
https://johnsoncontrols.fluidtopics.net/viewer/document/EtsFfrPx7eWNob8eNYoQsg,3463602529.pdf
https://johnsoncontrols.fluidtopics.net/viewer/document/EUdkfRrFqzH_5oFeDBpCfg,1201504.pdf
https://johnsoncontrols.fluidtopics.net/viewer/document/eV~BDpNdA9eqk8tbfGw7pQ,1201150.pdf
https://johnsoncontrols.fluidtopics.net/viewer/document/evAathapwfsyhJobbUXcBA,2410144254.pdf
https://johnsoncontrols.fluidtopics.net/viewer/document/EVngt1s_osRAqGeLSEDu_g,636057.pdf
https://johnsoncontrols.fluidtopics.net/viewer/document/EWWxqw4DljVGZ0aoWylrvA,646200.pdf
https://johnsoncontrols.fluidtopics.net/viewer/document/EXV5y8PtDCU~gyqG32lQeQ,1900288.pdf
https://johnsoncontrols.fluidtopics.net/viewer/document/eXVs5cIlH_fuNtx6nCxWiQ,694110.pdf
https://johnsoncontrols.fluidtopics.net/viewer/document/ey57NUG9OWBttX1y9ikNUg,12011440.pdf
https://johnsoncontrols.fluidtopics.net/viewer/document/EYJzKeBgR2FA7m9if1Y91g,216455.pdf
https://johnsoncontrols.fluidtopics.net/viewer/document/eYlh_dduUaZqwaVOe~ULyw,1900376.pdf
https://johnsoncontrols.fluidtopics.net/viewer/document/ez3MOLc3wm_F6UT7ncD4lA,1201698.pdf
https://johnsoncontrols.fluidtopics.net/viewer/document/eZFZHyI1oCKUWcDoHrI4Jw,24104091.pdf
https://johnsoncontrols.fluidtopics.net/viewer/document/EZXnYoMp3g51w2oSbFU6~Q,6295515.pdf
https://johnsoncontrols.fluidtopics.net/viewer/document/F~bfKjcOp7551o5DPjlG8Q,10000054.pdf
https://johnsoncontrols.fluidtopics.net/viewer/document/F08PgH3X2ZLtxOnF6O892A,12011401.pdf
https://johnsoncontrols.fluidtopics.net/viewer/document/f1r7lGrX3cSpSos0cxMAag,24980381.pdf
https://johnsoncontrols.fluidtopics.net/viewer/document/F1znm~EnoLqk44oPHvng6A,1921490.pdf
https://johnsoncontrols.fluidtopics.net/viewer/document/f2RQ~SHPoh0ZOCwlX0b1Xg,1201680.pdf
https://johnsoncontrols.fluidtopics.net/viewer/document/F2SsOun0ZoGw_INtvdQofA,7171520X.pdf
https://johnsoncontrols.fluidtopics.net/viewer/document/f2zwTFPYdFC4Q8RMtOYuOw,63633522.pdf
https://johnsoncontrols.fluidtopics.net/viewer/document/f37k5WCYuphK3bTxq7xD5g,7171160X.pdf
https://johnsoncontrols.fluidtopics.net/viewer/document/f3pM173QRRZxVr68sQEwrQ,12011693.pdf
https://johnsoncontrols.fluidtopics.net/viewer/document/F5k4PsMlTdFG23lacVFWWw,346361220.pdf
https://johnsoncontrols.fluidtopics.net/viewer/document/f826k7XxTGv8YuHHGtpPTg,12011295.pdf
https://johnsoncontrols.fluidtopics.net/viewer/document/F9_nGBcq2rXck0oyorBD~g,12011996.pdf
https://johnsoncontrols.fluidtopics.net/viewer/document/f92L8JNyzNRgf2CsWojG3w,145.11-IOM1.pdf
https://johnsoncontrols.fluidtopics.net/viewer/document/f9XrQ9EMTRLCgT6gurWzCg,12013213_de.pdf
https://johnsoncontrols.fluidtopics.net/viewer/document/FBoq60XUM0mz8tWZOVFNUA,639050.pdf
https://johnsoncontrols.fluidtopics.net/viewer/document/FC1kbcqPzR9vGrj2NP_1nw,241017469.pdf
https://johnsoncontrols.fluidtopics.net/viewer/document/fc5LyPi3g6EUy5p0XjN0kA,12011588.pdf
https://johnsoncontrols.fluidtopics.net/viewer/document/FCbZXjUg3mG9KI4JhMWAkw,216061X.pdf
https://johnsoncontrols.fluidtopics.net/viewer/document/fEBrEhaQqu53y6U3G5TXxw,6363151.pdf
https://johnsoncontrols.fluidtopics.net/viewer/document/fehPXNoDBKIWRohUgcUfHg,1927025.pdf
https://johnsoncontrols.fluidtopics.net/viewer/document/FF97uRemjmJIHoDb8V6UnQ,120123.pdf
https://johnsoncontrols.fluidtopics.net/viewer/document/fffWDQOK6rLSC4o8JB31ng,125765.pdf
https://johnsoncontrols.fluidtopics.net/viewer/document/fFJn~_IPah2FP87fnNA_KA,12013114.pdf
https://johnsoncontrols.fluidtopics.net/viewer/document/FG30nZ2xIql3Zxgm49Rt0A,1922410.pdf
https://johnsoncontrols.fluidtopics.net/viewer/document/FgBYdwQOFVK~qVXLeMOQbw,4470691.pdf
https://johnsoncontrols.fluidtopics.net/viewer/document/fHa_6CsRlHFPiXnOzv~tGw,24110255.pdf
https://johnsoncontrols.fluidtopics.net/viewer/document/fHvl4b8etZobtaH2HFAJgg,S4099-0005.pdf
https://johnsoncontrols.fluidtopics.net/viewer/document/fiGGx7q6oIUxGep~3OTEAA,12011495.pdf
https://johnsoncontrols.fluidtopics.net/viewer/document/fiqSUlBHGeEMic5UQBklIg,12011485.pdf
https://johnsoncontrols.fluidtopics.net/viewer/document/Fj0mtulGX_XuJteMEytSHg,12011969.pdf
https://johnsoncontrols.fluidtopics.net/viewer/document/fJXbRNeUMAVzVn7a7bIWoA,636197.pdf
https://johnsoncontrols.fluidtopics.net/viewer/document/fk2lnqfqjdIZl3vZG5CcBA,1900305.pdf
https://johnsoncontrols.fluidtopics.net/viewer/document/FK3Zw6ksjNVA7~dTy5NdzA,249803189.pdf
https://johnsoncontrols.fluidtopics.net/viewer/document/FK7kaN9Nvp9_gwuTK7eIEg,6375025.pdf
https://johnsoncontrols.fluidtopics.net/viewer/document/fKAouCqVYwMTgVswhglySg,12011867.pdf
https://johnsoncontrols.fluidtopics.net/viewer/document/fKnLW1cTJ8m1l6QyoIPVPg,12013097.pdf
https://johnsoncontrols.fluidtopics.net/viewer/document/FkxSOZynAAq8nAr~XJeiQA,145.21-PA5.pdf
https://johnsoncontrols.fluidtopics.net/viewer/document/FkxSOZynAAq8nAr~XJeiQA,145.21-PA5.pdf
https://johnsoncontrols.fluidtopics.net/viewer/document/FL5di3QKE2Ytt9rUBPP0eA,977255.pdf
https://johnsoncontrols.fluidtopics.net/viewer/document/fLpk2Akn8drm8jC1dGMRoA,
https://johnsoncontrols.fluidtopics.net/viewer/document/fmDVDJfKDTYW24Ik12_N2A,24101431388.pdf
https://johnsoncontrols.fluidtopics.net/viewer/document/fMlICpC5KsY8JnGj~Uufnw,249943114.pdf
https://johnsoncontrols.fluidtopics.net/viewer/document/FmWLNb~8IuJ2aR1~0VOdaw,636013d.pdf
https://johnsoncontrols.fluidtopics.net/viewer/document/fN_pKoq8tWOGcsUhZz1f9g,249890560.pdf
https://johnsoncontrols.fluidtopics.net/viewer/document/fN70cLrZF7sfgYTd1OdqkQ,1929060.pdf
https://johnsoncontrols.fluidtopics.net/viewer/document/fN95OcrIsTP4wF_yEDSvVg,1900786.pdf
https://johnsoncontrols.fluidtopics.net/viewer/document/FnsO5kWezVLFOwq~tEEdyA,1922445.pdf
https://johnsoncontrols.fluidtopics.net/viewer/document/FoB__r17jO8rczS2jHuLUQ,1900453.pdf
https://johnsoncontrols.fluidtopics.net/viewer/document/foDL8KPeFbSq35TNV23MpQ,1900302.pdf
https://johnsoncontrols.fluidtopics.net/viewer/document/FOIvkXhGS~SYOtkjvwwHhA,145.23-PA2.pdf
https://johnsoncontrols.fluidtopics.net/viewer/document/FOIvkXhGS~SYOtkjvwwHhA,145.23-PA2.pdf
https://johnsoncontrols.fluidtopics.net/viewer/document/fok8xavlN8Xn5mD4xNcgnQ,24989013.pdf
https://johnsoncontrols.fluidtopics.net/viewer/document/foNrJsQcmuZC63~PjS4X7w,140146200016.pdf
https://johnsoncontrols.fluidtopics.net/viewer/document/fOqh1peXJ_PZ_Pg1lW4i2Q,1900419.pdf
https://johnsoncontrols.fluidtopics.net/viewer/document/fOsW8IXJ_SoXJmuFWTErww,6420070.pdf
https://johnsoncontrols.fluidtopics.net/viewer/document/fPG8~3p2jE7EJpCz1gdZtA,216270.pdf
https://johnsoncontrols.fluidtopics.net/viewer/document/fPgNuJBygGFJH~YTc0ODUw,1900122.pdf
https://johnsoncontrols.fluidtopics.net/viewer/document/FpigVRntodmuKLWHDvXwaw,241146200009.pdf
https://johnsoncontrols.fluidtopics.net/viewer/document/FpLRBeNJur8CGtUNKbnqTw,145.25-PA16.pdf
https://johnsoncontrols.fluidtopics.net/viewer/document/FpLRBeNJur8CGtUNKbnqTw,145.25-PA16.pdf
https://johnsoncontrols.fluidtopics.net/viewer/document/fppXqipOcRbQztpFksHMaQ,121577.pdf
https://johnsoncontrols.fluidtopics.net/viewer/document/fpu~KkOqs1Sm3oqqGjY2hg,12013242.pdf
https://johnsoncontrols.fluidtopics.net/viewer/document/Fq7wKlyUg5fc0hqr25U05w,977AN13.pdf
https://johnsoncontrols.fluidtopics.net/viewer/document/fQn4FktB1KUanj8Ui_~xMg,636175.pdf
https://johnsoncontrols.fluidtopics.net/viewer/document/FqPcxITP24MSXPpUaIfr~A,6363201.pdf
https://johnsoncontrols.fluidtopics.net/viewer/document/fqrhR564ewtC44ajUYT~EQ,1923185.pdf
https://johnsoncontrols.fluidtopics.net/viewer/document/FrHcX~rcn9jaC8g8dScmCw,636333.pdf
https://johnsoncontrols.fluidtopics.net/viewer/document/FRjd8eg3g5xqTWKjZokB2A,145.14-IOM1.pdf
https://johnsoncontrols.fluidtopics.net/viewer/document/fSBkTE~avNROg17E3yiidQ,145.25-PA10.pdf
https://johnsoncontrols.fluidtopics.net/viewer/document/fSBkTE~avNROg17E3yiidQ,145.25-PA10.pdf
https://johnsoncontrols.fluidtopics.net/viewer/document/FssGYjgCjvPAs2uMISq_Mw,1201968.pdf
https://johnsoncontrols.fluidtopics.net/viewer/document/FSWMWHXnwD1pkENCfRproA,216173.pdf
https://johnsoncontrols.fluidtopics.net/viewer/document/fuaSsMLmQUZk3XPq_j_xhw,718170.pdf
https://johnsoncontrols.fluidtopics.net/viewer/document/FV8baASGC7kVGPU8NaxrYA,1201894.pdf
https://johnsoncontrols.fluidtopics.net/viewer/document/FvkEz39qt_WwZ0mpr5mqMg,7171380.pdf
https://johnsoncontrols.fluidtopics.net/viewer/document/fvONqKGRzddJbSJ8LMQKPg,6295450.pdf
https://johnsoncontrols.fluidtopics.net/viewer/document/fwMtbPWS88GlkIxHSco4~w,636088.pdf
https://johnsoncontrols.fluidtopics.net/viewer/document/fWN54QOVowdCt20jxAtslg,12011037.pdf
https://johnsoncontrols.fluidtopics.net/viewer/document/fwNVZ4yXnM6Pl06RK66cZg,241014425.pdf
https://johnsoncontrols.fluidtopics.net/viewer/document/fwpTT0nLgyXbEV7fvPSVAw,1922440.pdf
https://johnsoncontrols.fluidtopics.net/viewer/document/Fxg0CCPEsfgTzdvv2hLt0A,244034107.pdf
https://johnsoncontrols.fluidtopics.net/viewer/document/fXvL6p5zgQFfEv7yQopqUA,145.22-PA1.pdf
https://johnsoncontrols.fluidtopics.net/viewer/document/fXvL6p5zgQFfEv7yQopqUA,145.22-PA1.pdf
https://johnsoncontrols.fluidtopics.net/viewer/document/FXxF0SrK~2Acf82bvcIhDQ,2681116.pdf
https://johnsoncontrols.fluidtopics.net/viewer/document/fY2Xe3sBvVNZf9wRiAvoeQ,636080.pdf
https://johnsoncontrols.fluidtopics.net/viewer/document/fzMv~BGytqv4hPa3D0fKFw,9305005.pdf
https://johnsoncontrols.fluidtopics.net/viewer/document/fZNMnM6sjSEPtnzgyBW4gw,1201634.pdf
https://johnsoncontrols.fluidtopics.net/viewer/document/fZyDYZXxFRRwjhZCIc_Icg,1929120.pdf
https://johnsoncontrols.fluidtopics.net/viewer/document/G_Jeio~poo75wZPgtTYpXQ,1900408.pdf
https://johnsoncontrols.fluidtopics.net/viewer/document/G_PNzH5659u6I6J2nkxCQQ,977205P.pdf
https://johnsoncontrols.fluidtopics.net/viewer/document/G_yapOcJ4e9Q78Pfc~uxtA,2476642624.pdf
https://johnsoncontrols.fluidtopics.net/viewer/document/g0POElyNj7c6s~p37xca0w,12013283.pdf
https://johnsoncontrols.fluidtopics.net/viewer/document/G0yuKBhCfbsrHQBZx0zEJw,249890609.pdf
https://johnsoncontrols.fluidtopics.net/viewer/document/G1kx2cvn7i3KgR53xcC_8Q,145.20-PA4.pdf
https://johnsoncontrols.fluidtopics.net/viewer/document/G1kx2cvn7i3KgR53xcC_8Q,145.20-PA4.pdf
https://johnsoncontrols.fluidtopics.net/viewer/document/g2ZkLcRY4Qy3wztnVZ072g,1201662.pdf
https://johnsoncontrols.fluidtopics.net/viewer/document/G3Tdgk5ET9FVyaQU0r937Q,6363223.pdf
https://johnsoncontrols.fluidtopics.net/viewer/document/G3u0ZDD4fLQbWfU_IXvncQ,6363102.pdf
https://johnsoncontrols.fluidtopics.net/viewer/document/g4dR65q6EIn6DXsZ1xmJNw,2681112.pdf
https://johnsoncontrols.fluidtopics.net/viewer/document/G5Z9tLVVAJpiThLiqmPedw,2484657.pdf
https://johnsoncontrols.fluidtopics.net/viewer/document/g6C4XCzfwbQhNtDlhXanJA,125785.pdf
https://johnsoncontrols.fluidtopics.net/viewer/document/g6DfileL7hQexYv0C48PRg,12013076.pdf
https://johnsoncontrols.fluidtopics.net/viewer/document/g6iNYhxSdgTRXjgR9~ermA,653100.pdf
https://johnsoncontrols.fluidtopics.net/viewer/document/G6PnOpFSJz4owctL3ksTCw,1201146.pdf
https://johnsoncontrols.fluidtopics.net/viewer/document/G8HNW5ITyr5~kcVtrfUvYg,2439327.pdf
https://johnsoncontrols.fluidtopics.net/viewer/document/G8vcFxeMcjRR7~7kM_v4ug,444037.pdf
https://johnsoncontrols.fluidtopics.net/viewer/document/G9eINw89_Njw8m4~dVDRPw,653352.pdf
https://johnsoncontrols.fluidtopics.net/viewer/document/G9K~GzucAjUmjCy3sON8KA,1921470.pdf
https://johnsoncontrols.fluidtopics.net/viewer/document/G9XsRPH9KJqgVVe_Xxis1g,24989056.pdf
https://johnsoncontrols.fluidtopics.net/viewer/document/G9YtnSfIaZgTSHbh4wfiyQ,930033.pdf
https://johnsoncontrols.fluidtopics.net/viewer/document/Ga2~THcBbRAwexxqAjOINA,PUBL3734.pdf
https://johnsoncontrols.fluidtopics.net/viewer/document/Ga9u_h8sHIoxdDpi1VgwRg,244034220.pdf
https://johnsoncontrols.fluidtopics.net/viewer/document/GafYe1TiDxkZKKtMikzWzg,1900503.pdf
https://johnsoncontrols.fluidtopics.net/viewer/document/GaKq6T_FqEjq~feFs5g~7A,125130.pdf
https://johnsoncontrols.fluidtopics.net/viewer/document/gB2cOZAie4nzteRAS4Rw6w,2681136.pdf
https://johnsoncontrols.fluidtopics.net/viewer/document/gb8HkY9HEEUuLXQeUR1hig,7171095X.pdf
https://johnsoncontrols.fluidtopics.net/viewer/document/GBSVXqFnnEO5XHgRFmtmog,1201394.pdf
https://johnsoncontrols.fluidtopics.net/viewer/document/gbv3FWNWDz_0pTZrRC3UQw,694730.pdf
https://johnsoncontrols.fluidtopics.net/viewer/document/GBwaf1NNUefdVLyUBMRWOw,2495900.pdf
https://johnsoncontrols.fluidtopics.net/viewer/document/GC0jJ6kOJAyDvkmvuM1WHg,977355.pdf
https://johnsoncontrols.fluidtopics.net/viewer/document/gC3~5lwh1n_n7bj9U7mXcA,34179124.pdf
https://johnsoncontrols.fluidtopics.net/viewer/document/gcaTzg~qGVPcw1lJXUsbvw,24858127.pdf
https://johnsoncontrols.fluidtopics.net/viewer/document/gcbAYTsYWL9~~zidLx6GJA,1900603.pdf
https://johnsoncontrols.fluidtopics.net/viewer/document/Gd8g1ksnaeb4m8TpYdVcSw,249890471.pdf
https://johnsoncontrols.fluidtopics.net/viewer/document/GDcBcBUfc0snEYFLv3wJRQ,24994333.pdf
https://johnsoncontrols.fluidtopics.net/viewer/document/gdfTXOPD4mFOZPktu1E9pA,1201453.pdf
https://johnsoncontrols.fluidtopics.net/viewer/document/gEngnNzrXVI52aOb_JvVGw,2681220.pdf
https://johnsoncontrols.fluidtopics.net/viewer/document/Geu2edaOYe4Wz8~drGmgbQ,636196.pdf
https://johnsoncontrols.fluidtopics.net/viewer/document/gezGmbZ_SNVepzJoqOWfcA,145.21-PA3.pdf
https://johnsoncontrols.fluidtopics.net/viewer/document/gezGmbZ_SNVepzJoqOWfcA,145.21-PA3.pdf
https://johnsoncontrols.fluidtopics.net/viewer/document/GF1UZMYyhpIr1vc1m07Uug,26810513.pdf
https://johnsoncontrols.fluidtopics.net/viewer/document/gg68DVbT3BAs5BvRpyjlYg,12011229.pdf
https://johnsoncontrols.fluidtopics.net/viewer/document/GgdhN1uzTR8ZYlI73nZovA,121595.pdf
https://johnsoncontrols.fluidtopics.net/viewer/document/GGPED~NcGmuGV501Hm~66Q,1929015.pdf
https://johnsoncontrols.fluidtopics.net/viewer/document/gGxUH6Qnor8PSGAegD3Wkw,1924040.pdf
https://johnsoncontrols.fluidtopics.net/viewer/document/gGZNPPfxcQMB3jfpsiV~6w,636027.pdf
https://johnsoncontrols.fluidtopics.net/viewer/document/GHk7jjZktsKzehDJ17lvKQ,1921140.pdf
https://johnsoncontrols.fluidtopics.net/viewer/document/gHlqOROmBl~zISUfZ42apQ,1921195.pdf
https://johnsoncontrols.fluidtopics.net/viewer/document/gHYoKJ2GSDUEXxOTV7L~FQ,12011349.pdf
https://johnsoncontrols.fluidtopics.net/viewer/document/giiRvbxi0uOPF9g9oiwdGg,12013485.pdf
https://johnsoncontrols.fluidtopics.net/viewer/document/GITdIELWhdCZgwW7a4b0kw,2432052.pdf
https://johnsoncontrols.fluidtopics.net/viewer/document/giZX5jUUmULheWO4yoRR8Q,12011574.pdf
https://johnsoncontrols.fluidtopics.net/viewer/document/gjMS2XM6w1gjFHsNFsBBaw,977AN10.pdf
https://johnsoncontrols.fluidtopics.net/viewer/document/GK5zJxsFOPaCLvo7MEXOWA,997361.pdf
https://johnsoncontrols.fluidtopics.net/viewer/document/GkwFI7jyfCMYqilezpf3Ew,1900857.pdf
https://johnsoncontrols.fluidtopics.net/viewer/document/GM8jgZDPKygNLaOzSpQZVQ,148836003230.pdf
https://johnsoncontrols.fluidtopics.net/viewer/document/GMPQciUTXgysd8HT6MEh_w,977AN8.pdf
https://johnsoncontrols.fluidtopics.net/viewer/document/gNhyqPIDlVHZTC5uZKaeQw,6295490.pdf
https://johnsoncontrols.fluidtopics.net/viewer/document/GNMTaJYsMjMtf3AZEaymcg,346361484.pdf
https://johnsoncontrols.fluidtopics.net/viewer/document/gnTnUe~F3RE6GEkNF7dklQ,145.24-PA1.pdf
https://johnsoncontrols.fluidtopics.net/viewer/document/gnTnUe~F3RE6GEkNF7dklQ,145.24-PA1.pdf
https://johnsoncontrols.fluidtopics.net/viewer/document/GNWRr3AhqWXLWf86htu_mg,7171137.pdf
https://johnsoncontrols.fluidtopics.net/viewer/document/gNy5Ee7UbVXH5JyM5KZPRg,1921230.pdf
https://johnsoncontrols.fluidtopics.net/viewer/document/GnykCR2wpG~BRZlybvBzNg,148837576.pdf
https://johnsoncontrols.fluidtopics.net/viewer/document/go0f1PvV63fkUh63PBk4sw,12013115.pdf
https://johnsoncontrols.fluidtopics.net/viewer/document/GOBQ4mrLi9TaoraGx2rC1A,6361371.pdf
https://johnsoncontrols.fluidtopics.net/viewer/document/GoTGvhd1g7qKGj2quMstFA,1201793.pdf
https://johnsoncontrols.fluidtopics.net/viewer/document/gpEF9UpNY0X~uwl1bKJlYA,S4009-0004.pdf
https://johnsoncontrols.fluidtopics.net/viewer/document/gPEPoXVUcdtjMzU3ialorQ,1201264.pdf
https://johnsoncontrols.fluidtopics.net/viewer/document/gpLpKo1~~9oaK6pW8r3mzA,2476643124.pdf
https://johnsoncontrols.fluidtopics.net/viewer/document/gPNL3MQBLt0QT6bNyC2oFg,1924170.pdf
https://johnsoncontrols.fluidtopics.net/viewer/document/gqJtrCfYk_xLFNjGht3JUg,148836003419.pdf
https://johnsoncontrols.fluidtopics.net/viewer/document/GQs2pvdkaJIcoIzWNwXTJA,
https://johnsoncontrols.fluidtopics.net/viewer/document/gqTi7om0aeWmQJMEMKF1fw,1900570.pdf
https://johnsoncontrols.fluidtopics.net/viewer/document/GrT_cxwsJkYpDZo_T_l3rw,PUBL_4094.pdf
https://johnsoncontrols.fluidtopics.net/viewer/document/GrTH5pcYTvNflHzUpZjBrA,1900076.pdf
https://johnsoncontrols.fluidtopics.net/viewer/document/GRWJ8dx6tO~TInN9uhq4KA,S4905-0001.pdf
https://johnsoncontrols.fluidtopics.net/viewer/document/gSDmgmi6wDbgNd7bV7rJmw,1922660.pdf
https://johnsoncontrols.fluidtopics.net/viewer/document/gSFL2GjiVoTETAEXbCb3Ow,12011854.pdf
https://johnsoncontrols.fluidtopics.net/viewer/document/GsKqRQ3KkEJPSRfuXjdiAA,24988929.pdf
https://johnsoncontrols.fluidtopics.net/viewer/document/gt398xku9z0U3xtYlfY26w,997455.pdf
https://johnsoncontrols.fluidtopics.net/viewer/document/gT47x4a7M1MFl7DsNJnCqQ,447525.pdf
https://johnsoncontrols.fluidtopics.net/viewer/document/gt6WLB4Iob6ZI6l~nMvJLw,241052611.pdf
https://johnsoncontrols.fluidtopics.net/viewer/document/gTdN6lU_RXAXA3Q4CSBcPA,1900312.pdf
https://johnsoncontrols.fluidtopics.net/viewer/document/gtfK6mfklfM9_4mnbg2eVA,636147.pdf
https://johnsoncontrols.fluidtopics.net/viewer/document/guqHFgmUaKwlGbx7xuO0Dw,1900494.pdf
https://johnsoncontrols.fluidtopics.net/viewer/document/gwBflgh0Nv1RIFFkVytJZw,12013515.pdf
https://johnsoncontrols.fluidtopics.net/viewer/document/GWVNtABVlf9oBuhZEWv_4Q,629021.pdf
https://johnsoncontrols.fluidtopics.net/viewer/document/GwxdiqhfWO84xI5DiRv5kA,24108516.pdf
https://johnsoncontrols.fluidtopics.net/viewer/document/gXj5L4pgiuFbeMoDfyXzCw,12011735.pdf
https://johnsoncontrols.fluidtopics.net/viewer/document/GXpC7vPMUiv2D7S3T4G0og,12011793.pdf
https://johnsoncontrols.fluidtopics.net/viewer/document/GXqgt09ji~HBf47Mxgv2FA,145.21-PA6.pdf
https://johnsoncontrols.fluidtopics.net/viewer/document/GXqgt09ji~HBf47Mxgv2FA,145.21-PA6.pdf
https://johnsoncontrols.fluidtopics.net/viewer/document/gz_dQ_uDEmIyvPZEDQG~CQ,121745.pdf
https://johnsoncontrols.fluidtopics.net/viewer/document/Gz9GeDLm3skhncYPwDv0jA,1900449.pdf
https://johnsoncontrols.fluidtopics.net/viewer/document/GzEm8oEws5WkRzbHtXVijQ,145.11-PA3.pdf
https://johnsoncontrols.fluidtopics.net/viewer/document/GzEm8oEws5WkRzbHtXVijQ,145.11-PA3.pdf
https://johnsoncontrols.fluidtopics.net/viewer/document/gZHwcA2oe_sTAjobxx1KMw,7171570.pdf
https://johnsoncontrols.fluidtopics.net/viewer/document/GzJgT86kI8Fqwd5uawbP0g,694570.pdf
https://johnsoncontrols.fluidtopics.net/viewer/document/GzMbn4Q~5gLbYsLvyOZ~Yw,249890889.pdf
https://johnsoncontrols.fluidtopics.net/viewer/document/GZqj29DNwdFXrnyBPsU6vA,1449236.pdf
https://johnsoncontrols.fluidtopics.net/viewer/document/H_pmDpWGAeuHCf2vKxQShA,121055.pdf
https://johnsoncontrols.fluidtopics.net/viewer/document/H~J_hddwkbPrRcDHtK8CpQ,125199.pdf
https://johnsoncontrols.fluidtopics.net/viewer/document/h0VG9qnHw9adGNKnZ8qZPw,241061320.pdf
https://johnsoncontrols.fluidtopics.net/viewer/document/h0xFAizQ~P66xT0ewS3dmw,125515.pdf
https://johnsoncontrols.fluidtopics.net/viewer/document/h0xXtBEBQ8Za98gEOQQybQ,241033229.pdf
https://johnsoncontrols.fluidtopics.net/viewer/document/H2cc~fp0k3eakiHiLpMx1g,241073213.pdf
https://johnsoncontrols.fluidtopics.net/viewer/document/H2dR7SEcYvlyRy9iP2vivQ,PUBL-6241-A.pdf
https://johnsoncontrols.fluidtopics.net/viewer/document/H2hpBjR6qVWj5KurIYs5zg,125105.pdf
https://johnsoncontrols.fluidtopics.net/viewer/document/h2y1ulsZfE2I7W7T~_rrbg,1900820.pdf
https://johnsoncontrols.fluidtopics.net/viewer/document/H4btl~7X8yFqQPzug9EMmA,ACCDWCLP.pdf
https://johnsoncontrols.fluidtopics.net/viewer/document/h4wSwiIlTwHIuS6IMJGQNg,12013514.pdf
https://johnsoncontrols.fluidtopics.net/viewer/document/H55COyHR0P9FZtK_j7QoxQ,12013094.pdf
https://johnsoncontrols.fluidtopics.net/viewer/document/h56tUaSlw5gj7MvSKYce0A,9305004.pdf
https://johnsoncontrols.fluidtopics.net/viewer/document/h5J3eXTD3WIAMrgkuwFV~w,12013080.pdf
https://johnsoncontrols.fluidtopics.net/viewer/document/H5Lf8q5D1JEJAC19~ocMSw,S4098-0054.pdf
https://johnsoncontrols.fluidtopics.net/viewer/document/H5MSavT706rn3p0ErUOZCw,6295170.pdf
https://johnsoncontrols.fluidtopics.net/viewer/document/h5Qg6Cz0oqEhBxdbUfhG2g,445849.pdf
https://johnsoncontrols.fluidtopics.net/viewer/document/h6G42YCleMewjSbmcOH7lA,636024D.pdf
https://johnsoncontrols.fluidtopics.net/viewer/document/h7U9Pa9sV2VM8~7o3QJ0IQ,9305003.pdf
https://johnsoncontrols.fluidtopics.net/viewer/document/H836bLsFf9j1fMrelUj4Yg,12011718.pdf
https://johnsoncontrols.fluidtopics.net/viewer/document/H8mgVDeFRQxNLSpLpluGZg,S4098-0053.pdf
https://johnsoncontrols.fluidtopics.net/viewer/document/H9ncwePfOMFB6ZQEOrgl7g,12011202.pdf
https://johnsoncontrols.fluidtopics.net/viewer/document/H9QfL1gsCBIcpaLq9kdDrQ,
https://johnsoncontrols.fluidtopics.net/viewer/document/H9TnflI3uu0gi_mXZJtaRg,635052.pdf
https://johnsoncontrols.fluidtopics.net/viewer/document/H9u2zuNDa~umF90_IUUcVQ,12011497.pdf
https://johnsoncontrols.fluidtopics.net/viewer/document/HacrXpEKrw2qYzvweYeH4w,2498901206.pdf
https://johnsoncontrols.fluidtopics.net/viewer/document/hAJo1lnKb0iKSv4Xayxsew,12013169_fr.pdf
https://johnsoncontrols.fluidtopics.net/viewer/document/haPdoJQ8Uqee~SxDPzvsyQ,6420060.pdf
https://johnsoncontrols.fluidtopics.net/viewer/document/haVQ86gBBnKVmDaLNrrSww,121370.pdf
https://johnsoncontrols.fluidtopics.net/viewer/document/hbd4I8vs55CJch4cvyNM8w,2681280.pdf
https://johnsoncontrols.fluidtopics.net/viewer/document/HBdA~msEqeWoNuE6JtKIuQ,7171510.pdf
https://johnsoncontrols.fluidtopics.net/viewer/document/HcdTACFdztmbK~3jPEOtzQ,1900119.pdf
https://johnsoncontrols.fluidtopics.net/viewer/document/HcN~WBxCSOYiCZZV5Nh~dQ,1900824.pdf
https://johnsoncontrols.fluidtopics.net/viewer/document/hcO7vqY2za2ad8CHCQVbMw,249890196.pdf
https://johnsoncontrols.fluidtopics.net/viewer/document/HcuvcpP_w2AIII_8pTYCCA,977AN11.pdf
https://johnsoncontrols.fluidtopics.net/viewer/document/hcvGbCrEHpwNEZHKv2Wfvg,4459819.pdf
https://johnsoncontrols.fluidtopics.net/viewer/document/Hcy53fOtd9DRRxLBvUdBEA,121415.pdf
https://johnsoncontrols.fluidtopics.net/viewer/document/hd5DoWB_m0Iuu7QuJvgqUA,6295050.pdf
https://johnsoncontrols.fluidtopics.net/viewer/document/hDb3x~N9w01hgvg1XROYLw,12013192.pdf
https://johnsoncontrols.fluidtopics.net/viewer/document/hDBH3sw4XLGdQydiTPiJMA,216060P.pdf
https://johnsoncontrols.fluidtopics.net/viewer/document/hdGLnUxMt1lYtfHfBpaAUw,7171030.pdf
https://johnsoncontrols.fluidtopics.net/viewer/document/hDqF4tDt2QmNHv9G5UIg2w,12013516.pdf
https://johnsoncontrols.fluidtopics.net/viewer/document/hDsmF1pvS3~XfdXma1bA3w,12011568.pdf
https://johnsoncontrols.fluidtopics.net/viewer/document/HE_zLLDlYERlNgyJnO2Pww,S49SOW-0001.pdf
https://johnsoncontrols.fluidtopics.net/viewer/document/He6nxriPEfjBoYO7Jqmorw,12012487.pdf
https://johnsoncontrols.fluidtopics.net/viewer/document/HeuzSGek6oLxomGLDeoBFg,12012996.pdf
https://johnsoncontrols.fluidtopics.net/viewer/document/hf7eicca4DSE08m1Iq8QGg,694450.pdf
https://johnsoncontrols.fluidtopics.net/viewer/document/HFpuY7pclM4t1GzNyytouA,12011399.pdf
https://johnsoncontrols.fluidtopics.net/viewer/document/HfuafqzW51PUmmVOU302Fg,346362219.pdf
https://johnsoncontrols.fluidtopics.net/viewer/document/hFVPU3fKk_ZsaPUznpr3tg,12013338.pdf
https://johnsoncontrols.fluidtopics.net/viewer/document/hgIBM3bescxQKvWneWfgjQ,145.17-PA5.pdf
https://johnsoncontrols.fluidtopics.net/viewer/document/hgIBM3bescxQKvWneWfgjQ,145.17-PA5.pdf
https://johnsoncontrols.fluidtopics.net/viewer/document/HgPQ7u56nKg7YMvrbZwUbw,12011548.pdf
https://johnsoncontrols.fluidtopics.net/viewer/document/HgQdnl3~AKtL52xeF6bcUw,7171082x.pdf
https://johnsoncontrols.fluidtopics.net/viewer/document/HHdLUYxbK0Ig8uynRxrTjQ,1929055.pdf
https://johnsoncontrols.fluidtopics.net/viewer/document/hhJwg9Zs4UkywVxqyD01PQ,216280.pdf
https://johnsoncontrols.fluidtopics.net/viewer/document/HHM_9dt16VuiuDF1GRSrfQ,145.17-PA7.pdf
https://johnsoncontrols.fluidtopics.net/viewer/document/HHM_9dt16VuiuDF1GRSrfQ,145.17-PA7.pdf
https://johnsoncontrols.fluidtopics.net/viewer/document/HHSiYYr~nMcZc4UQAaH2HQ,1921565.pdf
https://johnsoncontrols.fluidtopics.net/viewer/document/HHzjjvDd87zKwS0HH03bNQ,145.31-IOM1.pdf
https://johnsoncontrols.fluidtopics.net/viewer/document/HJlN~~y1r3imEoLZdHgvBw,6424400.pdf
https://johnsoncontrols.fluidtopics.net/viewer/document/HJTzQgMHPpYdJkdBr9MX8w,63750402.pdf
https://johnsoncontrols.fluidtopics.net/viewer/document/hKDrHJPa_KQxEG6MwXm5mQ,12013169_es.pdf
https://johnsoncontrols.fluidtopics.net/viewer/document/HkdUuLEsPgYvojXx4Ernmw,12011398.pdf
https://johnsoncontrols.fluidtopics.net/viewer/document/HlAMQYi2knMII_U_ojURYQ,12011584.pdf
https://johnsoncontrols.fluidtopics.net/viewer/document/HLBEhaLY~HxkFO5eTHuDnw,977252.pdf
https://johnsoncontrols.fluidtopics.net/viewer/document/HLk2TTOWQJQl7_4n~OYHLQ,1900180.pdf
https://johnsoncontrols.fluidtopics.net/viewer/document/hll4TCyads2og7SQnUgwrw,4459851.pdf
https://johnsoncontrols.fluidtopics.net/viewer/document/HLMGXOfzkWuaV617SbYiWQ,24835618.pdf
https://johnsoncontrols.fluidtopics.net/viewer/document/HlPyP8A2D3_iEMuRgDWqRw,2410511104.pdf
https://johnsoncontrols.fluidtopics.net/viewer/document/hlQO0bqJSwX~XuXVye2ZKA,636049.pdf
https://johnsoncontrols.fluidtopics.net/viewer/document/hM0wvYJ_CNfG5ue_cU9Wrg,1900834.pdf
https://johnsoncontrols.fluidtopics.net/viewer/document/hm7TaBo75s4qdALU4XHHdw,1900184.pdf
https://johnsoncontrols.fluidtopics.net/viewer/document/hm9WHeRDY~Ps6Kj7o1i96g,341280106.pdf
https://johnsoncontrols.fluidtopics.net/viewer/document/hMeUTUuhm_2CJcEoFu4btw,1201871.pdf
https://johnsoncontrols.fluidtopics.net/viewer/document/HMNp4PqNs6tWPw6Mmj_LjA,804300.pdf
https://johnsoncontrols.fluidtopics.net/viewer/document/hMtKP19gr3m8jlDMJhzFmQ,9305006.pdf
https://johnsoncontrols.fluidtopics.net/viewer/document/HNsMTnIYKl~oYYeNkXXYtg,346362405.pdf
https://johnsoncontrols.fluidtopics.net/viewer/document/hOaR_HsSOYNg68jW2pKuqg,140146200008.pdf
https://johnsoncontrols.fluidtopics.net/viewer/document/hoBn~XofukkS5u~s6NIIfg,635033A.pdf
https://johnsoncontrols.fluidtopics.net/viewer/document/hpsulXl8RpTAExJfkUdU2w,977AN8.pdf
https://johnsoncontrols.fluidtopics.net/viewer/document/hPu~b0EJDuRmPMcDFykj7Q,2681074.pdf
https://johnsoncontrols.fluidtopics.net/viewer/document/hpVKhiJPHqzqn7I9kwBipw,12011123.pdf
https://johnsoncontrols.fluidtopics.net/viewer/document/HQDPl2QaeBd6qOjElFi7HQ,125120.pdf
https://johnsoncontrols.fluidtopics.net/viewer/document/HQkSKfIeff9UEVkPSC5ndA,14116176.pdf
https://johnsoncontrols.fluidtopics.net/viewer/document/hqO53fNX7tAiPMlfVJXLag,636230.pdf
https://johnsoncontrols.fluidtopics.net/viewer/document/hqUgRQEX2aAa4cwNP0iDoA,1900638.pdf
https://johnsoncontrols.fluidtopics.net/viewer/document/hr2tIpkSnhW45z2i3tIYVA,2497165.pdf
https://johnsoncontrols.fluidtopics.net/viewer/document/HRkXqkar~UGfQYaDLNyt9g,12013361.pdf
https://johnsoncontrols.fluidtopics.net/viewer/document/hRMuheZSX7R7nfPtjPTTnw,635045.pdf
https://johnsoncontrols.fluidtopics.net/viewer/document/hSamS63p5LA3w_nKt7Pl~g,1900330.pdf
https://johnsoncontrols.fluidtopics.net/viewer/document/hSAS4EFxeddQwFUeTtUsYg,635066.pdf
https://johnsoncontrols.fluidtopics.net/viewer/document/HSjK75F~kRED2LuPPEAN7A,145.25-PA20.pdf
https://johnsoncontrols.fluidtopics.net/viewer/document/HSjK75F~kRED2LuPPEAN7A,145.25-PA20.pdf
https://johnsoncontrols.fluidtopics.net/viewer/document/HsXExJZAe8MFGyFHR2tWmA,9305010.pdf
https://johnsoncontrols.fluidtopics.net/viewer/document/HT8LpDdciMqPFM0pfg1jsg,63633523.pdf
https://johnsoncontrols.fluidtopics.net/viewer/document/HTr9g6enct~0QrQtcqWvWw,6363040.pdf
https://johnsoncontrols.fluidtopics.net/viewer/document/HU9P8O1eKZ1hXKZZCLdPTw,249890676.pdf
https://johnsoncontrols.fluidtopics.net/viewer/document/huhwjDmf5ZGRmzA9ClpCyw,1900507.pdf
https://johnsoncontrols.fluidtopics.net/viewer/document/Huv_m4lQ3lYfChgrK7uo0g,145.15-PA1.pdf
https://johnsoncontrols.fluidtopics.net/viewer/document/Huv_m4lQ3lYfChgrK7uo0g,145.15-PA1.pdf
https://johnsoncontrols.fluidtopics.net/viewer/document/HV6aqcpyoFumSOj497xG~A,12011275.pdf
https://johnsoncontrols.fluidtopics.net/viewer/document/HWFggWUFeaj7H3ypSRwR8Q,12013642.pdf
https://johnsoncontrols.fluidtopics.net/viewer/document/hwGNKBsNhs5C~9mMrAROcQ,12013531.pdf
https://johnsoncontrols.fluidtopics.net/viewer/document/hWQ2s9T41XXfjqVpcBRapA,2681300.pdf
https://johnsoncontrols.fluidtopics.net/viewer/document/HWQCGCTH~8rhftjI3moNNQ,24379428.pdf
https://johnsoncontrols.fluidtopics.net/viewer/document/hWsOvgnGLIz12fEbAouN2w,216133.pdf
https://johnsoncontrols.fluidtopics.net/viewer/document/hWzQHOJp77RN5F1QSl25pw,12013065.pdf
https://johnsoncontrols.fluidtopics.net/viewer/document/Hx5Ijwz1eYcz3GhhZ7C4PQ,1928165.pdf
https://johnsoncontrols.fluidtopics.net/viewer/document/HX78pY4qe4kUUgWNNqrrmw,12011541.pdf
https://johnsoncontrols.fluidtopics.net/viewer/document/hX8~GFdYouKVz8s1NIfyXA,12011348.pdf
https://johnsoncontrols.fluidtopics.net/viewer/document/HyLq1DffiYgxrHBp_unWKA,346362170.pdf
https://johnsoncontrols.fluidtopics.net/viewer/document/hz_2CT8ZUiSAaQhwJhD0GA,145.15-IOM5.pdf
https://johnsoncontrols.fluidtopics.net/viewer/document/hz_8IWkAWKJjPUHNGuZ7eQ,1900673.pdf
https://johnsoncontrols.fluidtopics.net/viewer/document/hz0QdFRRLS1t01UgUtTC7g,1201752.pdf
https://johnsoncontrols.fluidtopics.net/viewer/document/hZabNCEX60CnwR8_2XG5Kw,12011012.pdf
https://johnsoncontrols.fluidtopics.net/viewer/document/hzzq7m4kBgx7MLCFiNcMeA,2476643167.pdf
https://johnsoncontrols.fluidtopics.net/viewer/document/I_Vb0iwtQeT2fiVGJ49cGA,6363060.pdf
https://johnsoncontrols.fluidtopics.net/viewer/document/i091crJ0PDb0ulkZNTZsBw,12011151.pdf
https://johnsoncontrols.fluidtopics.net/viewer/document/i0sZ8dJyXIZLAteLRX_FWw,241061347.pdf
https://johnsoncontrols.fluidtopics.net/viewer/document/i11xo7uv5_Tgef1jqspviQ,
https://johnsoncontrols.fluidtopics.net/viewer/document/I2bv08YptYt1y0k9k6Bywg,977110.pdf
https://johnsoncontrols.fluidtopics.net/viewer/document/I2dmXvHTG_Z7d78x8j~bGQ,635050.pdf
https://johnsoncontrols.fluidtopics.net/viewer/document/i2HtdWkkBvtotDUUVHoN0Q,MISC-781.pdf
https://johnsoncontrols.fluidtopics.net/viewer/document/I2IHh4ZAC9wYYimQlkVQfQ,6363352.pdf
https://johnsoncontrols.fluidtopics.net/viewer/document/i2LRhd2GN6qbNR7I1Mq9qQ,1900117.pdf
https://johnsoncontrols.fluidtopics.net/viewer/document/i38IBz6Ag1pbRJOeaNEC8Q,125455.pdf
https://johnsoncontrols.fluidtopics.net/viewer/document/i3GIJi~zU3HsAklGmYXGmw,1921525.pdf
https://johnsoncontrols.fluidtopics.net/viewer/document/i3iJyLJBMIUJcp3Mpg7_jA,12011572.pdf
https://johnsoncontrols.fluidtopics.net/viewer/document/i3n~OUU33ycwRlecX_Kb9g,12011228.pdf
https://johnsoncontrols.fluidtopics.net/viewer/document/i45otSSMWu7E0YATE8Lffg,216521.pdf
https://johnsoncontrols.fluidtopics.net/viewer/document/i4fWeO1GnzCrvcHDKCOrVg,1900621.pdf
https://johnsoncontrols.fluidtopics.net/viewer/document/I4gorD5j2q0c5k1uv2P0tw,1922160.pdf
https://johnsoncontrols.fluidtopics.net/viewer/document/I4NxvsBy7eGEGi2_nLRrbA,694400.pdf
https://johnsoncontrols.fluidtopics.net/viewer/document/I6MMT0UShCH82owThHnCwA,125222.pdf
https://johnsoncontrols.fluidtopics.net/viewer/document/I87onVEDbaCK1cnLmUA6DA,12011706.pdf
https://johnsoncontrols.fluidtopics.net/viewer/document/I8eMsx10LNY4xIDNgeS2qg,6363227.pdf
https://johnsoncontrols.fluidtopics.net/viewer/document/I9cnH~icHFF0njviKNel3A,1900675.pdf
https://johnsoncontrols.fluidtopics.net/viewer/document/i9IJfOSuzFbxGHAF6afbqw,1900189.pdf
https://johnsoncontrols.fluidtopics.net/viewer/document/i9n870Da9Ts1fEiC0B6mlw,12011852.pdf
https://johnsoncontrols.fluidtopics.net/viewer/document/iA60QVSlmOry5YX8h1dkow,1201521.pdf
https://johnsoncontrols.fluidtopics.net/viewer/document/Ia6dmF~bu1IN33Y3caCVPQ,346361492.pdf
https://johnsoncontrols.fluidtopics.net/viewer/document/iaE8eqwaleSYNNRGqwhPQg,216340.pdf
https://johnsoncontrols.fluidtopics.net/viewer/document/iAg6h4O433k~Ofiuo7TXUg,2410143292.pdf
https://johnsoncontrols.fluidtopics.net/viewer/document/IAIVfwONaI9qcz4VYNltxw,6363020.pdf
https://johnsoncontrols.fluidtopics.net/viewer/document/iao1NZ99ZkDiHLoxEpooUw,125485.pdf
https://johnsoncontrols.fluidtopics.net/viewer/document/ib0~sPxDb~~pId__L97WHQ,121775.pdf
https://johnsoncontrols.fluidtopics.net/viewer/document/IBCS2UVf8mkWxAciSlPIBg,24107081.pdf
https://johnsoncontrols.fluidtopics.net/viewer/document/Ibeem_5ZVPWY4j78DBdlIg,2681051P.pdf
https://johnsoncontrols.fluidtopics.net/viewer/document/IbTB7WNN~rUJ16aPyrzn2w,12011673.pdf
https://johnsoncontrols.fluidtopics.net/viewer/document/IconN8iPCLUv96MmNeuziA,7171510.pdf
https://johnsoncontrols.fluidtopics.net/viewer/document/ICTLusuMUO1J2dmV8YLPrA,448161.pdf
https://johnsoncontrols.fluidtopics.net/viewer/document/ICYQBo94mkv7inalTg9Jvw,12011157.pdf
https://johnsoncontrols.fluidtopics.net/viewer/document/Id_hRBsMzcgf9pCExD5CVQ,12011347.pdf
https://johnsoncontrols.fluidtopics.net/viewer/document/Id4sboKon_c6WGyAZJ8Nug,6425714.pdf
https://johnsoncontrols.fluidtopics.net/viewer/document/Id7Y0eoMnNb5Egwxbj5b~g,249943173.pdf
https://johnsoncontrols.fluidtopics.net/viewer/document/IdnF8Z8ruWa1Oke9C49aoQ,241017485.pdf
https://johnsoncontrols.fluidtopics.net/viewer/document/IdW~PTmcmlV3cnBifx0QAQ,6295440.pdf
https://johnsoncontrols.fluidtopics.net/viewer/document/ie8FL4HuaNKLSmJVUe0P5Q,1921210.pdf
https://johnsoncontrols.fluidtopics.net/viewer/document/ie9TRPkwDO00J2CzneS8oQ,1201393.pdf
https://johnsoncontrols.fluidtopics.net/viewer/document/iF7MtKANt8FzeblIcn6CRQ,12011414.pdf
https://johnsoncontrols.fluidtopics.net/viewer/document/IfFUrO~9vBLz~n_2Ufugog,244034212.pdf
https://johnsoncontrols.fluidtopics.net/viewer/document/IFIiI6BOP4hHm79NOEKBxg,6363221.pdf
https://johnsoncontrols.fluidtopics.net/viewer/document/IfiiKvl61sz9FrMDo8k8vA,121225.pdf
https://johnsoncontrols.fluidtopics.net/viewer/document/iFxr5pJWBPUo86NL8567yg,241065118.pdf
https://johnsoncontrols.fluidtopics.net/viewer/document/iG5cPhIxuwjvEZV~ni9A4A,12011990.pdf
https://johnsoncontrols.fluidtopics.net/viewer/document/IGiyrYeCzu4KvTPe6WIgUQ,12011353.pdf
https://johnsoncontrols.fluidtopics.net/viewer/document/igJXV9Pfee9Lkpar5AsUYA,24754718.pdf
https://johnsoncontrols.fluidtopics.net/viewer/document/iguStfVKmaXdDSBgUQE6MQ,636115.pdf
https://johnsoncontrols.fluidtopics.net/viewer/document/IIBICYnyG7~gnPFSpW0D9w,12011684.pdf
https://johnsoncontrols.fluidtopics.net/viewer/document/iidWriwpiDTlR08pciY3Gw,24961822.pdf
https://johnsoncontrols.fluidtopics.net/viewer/document/iIPfp_yjvvigUb5D3o56tQ,244034182.pdf
https://johnsoncontrols.fluidtopics.net/viewer/document/iIqXrdDEC6zAQE913V4XPQ,12011178.pdf
https://johnsoncontrols.fluidtopics.net/viewer/document/iIRKJsqqyBRZPHLdI8zkdA,1201735.pdf
https://johnsoncontrols.fluidtopics.net/viewer/document/iITXoJFSmnuC96eimrXY1w,1900995.pdf
https://johnsoncontrols.fluidtopics.net/viewer/document/ij4efvV6MAz5wc77ChaNtA,1900553.pdf
https://johnsoncontrols.fluidtopics.net/viewer/document/iJLj1G8FMXTYGMZDJOsf9Q,694220.pdf
https://johnsoncontrols.fluidtopics.net/viewer/document/Ijn8d0VPz2ZmNBGAnqOlBQ,12011318.pdf
https://johnsoncontrols.fluidtopics.net/viewer/document/iK5j0Wr7reyPoboc_lhonA,24103958.pdf
https://johnsoncontrols.fluidtopics.net/viewer/document/IkD0eXJre0wUjhykqxA9sw,7171410.pdf
https://johnsoncontrols.fluidtopics.net/viewer/document/ikiMnLbIEjMLRXDGYquYMw,125710.pdf
https://johnsoncontrols.fluidtopics.net/viewer/document/ILtC4~SGjL~urAqevqfuEA,249803154.pdf
https://johnsoncontrols.fluidtopics.net/viewer/document/iMAHwpLmWfZF_9Tb3krILw,24103252.pdf
https://johnsoncontrols.fluidtopics.net/viewer/document/imsQNtOJUiw2YcJxqNI_Sw,694640.pdf
https://johnsoncontrols.fluidtopics.net/viewer/document/imUBniRGyi~MU5pAke3a_A,1900244.pdf
https://johnsoncontrols.fluidtopics.net/viewer/document/IMug9D_TlXZ6gb1D8jMnBQ,145.20-PA3.pdf
https://johnsoncontrols.fluidtopics.net/viewer/document/IMug9D_TlXZ6gb1D8jMnBQ,145.20-PA3.pdf
https://johnsoncontrols.fluidtopics.net/viewer/document/iN5tFmLIYXCz8ZXPjVV4WQ,1900635.pdf
https://johnsoncontrols.fluidtopics.net/viewer/document/INbI45fCx0Dy4OEom5voAA,241125600007.pdf
https://johnsoncontrols.fluidtopics.net/viewer/document/INHYEaembaVivvQWgNC0HA,636026.pdf
https://johnsoncontrols.fluidtopics.net/viewer/document/INI92IZDBrWF90i5Vdc4pg,1901112.pdf
https://johnsoncontrols.fluidtopics.net/viewer/document/INqkT02Mv18jWNGSgR14Qw,1900260.pdf
https://johnsoncontrols.fluidtopics.net/viewer/document/INzclY1QP51F6daxdZPHvA,216178.pdf
https://johnsoncontrols.fluidtopics.net/viewer/document/iopw7fUvH3T8~H~M~iaLnQ,249890447.pdf
https://johnsoncontrols.fluidtopics.net/viewer/document/iOs4yzEAO990XIqM~4PVYg,216240.pdf
https://johnsoncontrols.fluidtopics.net/viewer/document/Ip0IkHIO2YNdEtaBcC3g3g,6295300.pdf
https://johnsoncontrols.fluidtopics.net/viewer/document/IpDg9DVgkjtUnX5K~qtGZA,1901107.pdf
https://johnsoncontrols.fluidtopics.net/viewer/document/IPHv3cQGqjLh1ohWC5y6Hg,6295150.pdf
https://johnsoncontrols.fluidtopics.net/viewer/document/IpIvclpX1slSmX6tStJ7Pg,977294.pdf
https://johnsoncontrols.fluidtopics.net/viewer/document/iPLhOPF0xJgU4LxtVa4O7Q,2476643000.pdf
https://johnsoncontrols.fluidtopics.net/viewer/document/iPquXmsLe8R~7rNI2eQy3g,1201739.pdf
https://johnsoncontrols.fluidtopics.net/viewer/document/IpUaQfjwZDcI_THOP0NJOQ,12013483.pdf
https://johnsoncontrols.fluidtopics.net/viewer/document/iQMSH3~a~PC~6xDlEVCsdQ,1924540.pdf
https://johnsoncontrols.fluidtopics.net/viewer/document/iqoB18vtCKwC7oL2Ycv0AQ,12011775.pdf
https://johnsoncontrols.fluidtopics.net/viewer/document/ir2Z17brG92gnoRHqCcVJg,241014301779.pdf
https://johnsoncontrols.fluidtopics.net/viewer/document/IrbANheIB0hac~edkdfVvQ,6363161.pdf
https://johnsoncontrols.fluidtopics.net/viewer/document/iRjrWCL~hLj6UP4FGSVbkA,694660.pdf
https://johnsoncontrols.fluidtopics.net/viewer/document/IsbFf1aK~98SAgfdmwJ~mA,1201429.pdf
https://johnsoncontrols.fluidtopics.net/viewer/document/Iscy1aAZgvyiRtnmHknmpg,1921540.pdf
https://johnsoncontrols.fluidtopics.net/viewer/document/Isr~9C~tDOBBDfN5bC8xOQ,2681113.pdf
https://johnsoncontrols.fluidtopics.net/viewer/document/IstZ3y6qul7O8CNutJE~rA,12011832.pdf
https://johnsoncontrols.fluidtopics.net/viewer/document/IT9CAVRRitp0uSwOIe4PuA,24766403582.pdf
https://johnsoncontrols.fluidtopics.net/viewer/document/iTLEBuVRmFYgzAuQY5LEXw,12011705.pdf
https://johnsoncontrols.fluidtopics.net/viewer/document/iTUFtDUSVsomRCbO5eiLXw,249943157.pdf
https://johnsoncontrols.fluidtopics.net/viewer/document/iuUFq~DlKi35k_qQQLBTVA,1927405.pdf
https://johnsoncontrols.fluidtopics.net/viewer/document/Iuy9uaj~D488Miuq4RpHlg,1924205.pdf
https://johnsoncontrols.fluidtopics.net/viewer/document/IvcsHBv4ZzXQGeYXBwF2Sw,TD-2059.pdf
https://johnsoncontrols.fluidtopics.net/viewer/document/IVfhsvG5IoOnNznoGPj18w,125035.pdf
https://johnsoncontrols.fluidtopics.net/viewer/document/iVHttXRCVQwW~71ex1H2uA,6361373.pdf
https://johnsoncontrols.fluidtopics.net/viewer/document/iVm3jOfRviBwJbPDJlzp4Q,249890455.pdf
https://johnsoncontrols.fluidtopics.net/viewer/document/IVzHGoPzERLOTNUxIjGaVg,1201629.pdf
https://johnsoncontrols.fluidtopics.net/viewer/document/IWaJ0RpmFBVLyfgeSOFzhw,6295280.pdf
https://johnsoncontrols.fluidtopics.net/viewer/document/IWm1xmwRyY3OZghP3c76IA,694430.pdf
https://johnsoncontrols.fluidtopics.net/viewer/document/iwPNcxGF~uqrP8V0kfqs0w,351H112.pdf
https://johnsoncontrols.fluidtopics.net/viewer/document/IwQiRCf7nbveGSBoHiT2QQ,249890463.pdf
https://johnsoncontrols.fluidtopics.net/viewer/document/IwuCHeEubvFmqZ9nBiP7EQ,6375005.pdf
https://johnsoncontrols.fluidtopics.net/viewer/document/iWy8L2oVzPiFBis6hrZrog,12013248.pdf
https://johnsoncontrols.fluidtopics.net/viewer/document/IXBIkjN5XpoU6ojlmHBEMQ,1922480.pdf
https://johnsoncontrols.fluidtopics.net/viewer/document/Ixei6Zo~bYc8_NAhcgx6rA,977AN14.pdf
https://johnsoncontrols.fluidtopics.net/viewer/document/IXKjHkQWQAd5__Es5SHWBw,6363111.pdf
https://johnsoncontrols.fluidtopics.net/viewer/document/ixpAFUg9vaU2c~C_VItQYA,PUBL3195.pdf
https://johnsoncontrols.fluidtopics.net/viewer/document/iXxV2~SIbwn2DwjTqsNFzA,1201447.pdf
https://johnsoncontrols.fluidtopics.net/viewer/document/IY8S6UMcVTDv4pQFjNFW8A,635091.pdf
https://johnsoncontrols.fluidtopics.net/viewer/document/IyHhHLCrEFCEtxG3EsRFUQ,145.12-PA5.pdf
https://johnsoncontrols.fluidtopics.net/viewer/document/IyHhHLCrEFCEtxG3EsRFUQ,145.12-PA5.pdf
https://johnsoncontrols.fluidtopics.net/viewer/document/IyiY~I53e8OmWUvBiHpcCQ,12011666.pdf
https://johnsoncontrols.fluidtopics.net/viewer/document/IYxLCut0phG8maTQoeiB7w,1921735.pdf
https://johnsoncontrols.fluidtopics.net/viewer/document/IZ1KwwK7Y3CdyjG7z7VB~g,1922385.pdf
https://johnsoncontrols.fluidtopics.net/viewer/document/IZ45C8Mhn5i5wTEr5EBevA,6375125.pdf
https://johnsoncontrols.fluidtopics.net/viewer/document/izG4xY_TGcXQ1doTe3EkOg,12013341.pdf
https://johnsoncontrols.fluidtopics.net/viewer/document/izGAfMqsTBsOqy1PD8OMzQ,24101260.pdf
https://johnsoncontrols.fluidtopics.net/viewer/document/IZsSkJbJbS6Q1xOLrVQnQw,12011203.pdf
https://johnsoncontrols.fluidtopics.net/viewer/document/J_eolHlGVa45MyqTXFG1tw,241061339.pdf
https://johnsoncontrols.fluidtopics.net/viewer/document/j~~khMJtznUtgGJIJn_ZOw,50897.pdf
https://johnsoncontrols.fluidtopics.net/viewer/document/J~1vaHf~_i0NYKJ1UhwTKQ,4435210.pdf
https://johnsoncontrols.fluidtopics.net/viewer/document/J~ho~fycFwUQa5I~HHtyJQ,636328.pdf
https://johnsoncontrols.fluidtopics.net/viewer/document/J0p0CE_bQfxOihWqeeNn2A,12011439.pdf
https://johnsoncontrols.fluidtopics.net/viewer/document/J14bW2ESCgOJ1AsbCoPzQQ,145.25-PA15.pdf
https://johnsoncontrols.fluidtopics.net/viewer/document/J14bW2ESCgOJ1AsbCoPzQQ,145.25-PA15.pdf
https://johnsoncontrols.fluidtopics.net/viewer/document/j1L~h1PbNtxReJeIgiVIBA,1201469.pdf
https://johnsoncontrols.fluidtopics.net/viewer/document/J1qYMDkfwa7roYcX2Ah7jA,1900680.pdf
https://johnsoncontrols.fluidtopics.net/viewer/document/J1YqXLg_4JkfSxPMB_LWCQ,1900689.pdf
https://johnsoncontrols.fluidtopics.net/viewer/document/j2NEQJtZA_kaqTl8MvW1Rw,1900285.pdf
https://johnsoncontrols.fluidtopics.net/viewer/document/J3q21Bq_7rmGZoHrI7o7MQ,12012450.pdf
https://johnsoncontrols.fluidtopics.net/viewer/document/j3TaNPvDIrLsTCcByv48IQ,241033253.pdf
https://johnsoncontrols.fluidtopics.net/viewer/document/J4cRdZm_BrkfoF3RcrmRKg,120117.pdf
https://johnsoncontrols.fluidtopics.net/viewer/document/j4IOdlaeRGYmb8PR804e8w,12012497.pdf
https://johnsoncontrols.fluidtopics.net/viewer/document/j5~u4gmTa4Ylbj4qmi8dQw,1900381.pdf
https://johnsoncontrols.fluidtopics.net/viewer/document/J69AhCxopfobKOEt9ANu0g,1900475.pdf
https://johnsoncontrols.fluidtopics.net/viewer/document/j7z~5b5LZSfW6GCCCvyHHw,636214.pdf
https://johnsoncontrols.fluidtopics.net/viewer/document/j8ENlYbWk~Pkl0~8F7n9fg,1900042.pdf
https://johnsoncontrols.fluidtopics.net/viewer/document/J8lqp21hgczSCSlENMDzFQ,12011483.pdf
https://johnsoncontrols.fluidtopics.net/viewer/document/j9eC6k8HdjonBtDjay0Bjg,1900795.pdf
https://johnsoncontrols.fluidtopics.net/viewer/document/j9vlWnyTxWXQniuIq2KpQg,2410143780.pdf
https://johnsoncontrols.fluidtopics.net/viewer/document/j9zrw4EQlNu6N~jI9lZhjw,1900382.pdf
https://johnsoncontrols.fluidtopics.net/viewer/document/jaT9JjN3pmZgfnw~8HX7JQ,216605.pdf
https://johnsoncontrols.fluidtopics.net/viewer/document/JbGcWXsl1Rfhz0jcOnUCIQ,636030.pdf
https://johnsoncontrols.fluidtopics.net/viewer/document/JC4I2PQ8kRkUdAa8swkXUg,24101595.pdf
https://johnsoncontrols.fluidtopics.net/viewer/document/JCa9aqEZC7wZMUnLQfOCYg,1900464.pdf
https://johnsoncontrols.fluidtopics.net/viewer/document/jCghIeO9LWDE7HGZEJtb3A,1900362.pdf
https://johnsoncontrols.fluidtopics.net/viewer/document/JcK~zFKmTd7NUU8X6aSYAQ,1922405.pdf
https://johnsoncontrols.fluidtopics.net/viewer/document/jcXhEABOM78YO2cXSYkxdA,12012960.pdf
https://johnsoncontrols.fluidtopics.net/viewer/document/jD5eTDiCrvw57lFCCapDFA,12013564.pdf
https://johnsoncontrols.fluidtopics.net/viewer/document/Jd6lWuX~jsy93jhLp1LnAg,PUBL3735.pdf
https://johnsoncontrols.fluidtopics.net/viewer/document/JD9TnkJ~DYh_zP9uqrKFww,12011621.pdf
https://johnsoncontrols.fluidtopics.net/viewer/document/jDMbe9fgsytD~f8Pc2rVHA,145.12-PA4.pdf
https://johnsoncontrols.fluidtopics.net/viewer/document/jDMbe9fgsytD~f8Pc2rVHA,145.12-PA4.pdf
https://johnsoncontrols.fluidtopics.net/viewer/document/JDOKQdyoZ4EwtSAnhS6JMw,VTFLUSH.pdf
https://johnsoncontrols.fluidtopics.net/viewer/document/jdS_PJ_YcLVIEDHkHxtSPg,346361239.pdf
https://johnsoncontrols.fluidtopics.net/viewer/document/JeEggT7HaLGVE~Hu8nYy4g,249803200.pdf
https://johnsoncontrols.fluidtopics.net/viewer/document/Jeg7zuVxVW5OIxRrkCbTZw,2476641857.pdf
https://johnsoncontrols.fluidtopics.net/viewer/document/JERgNByTVsfgsAC1cRh5Vw,636170.pdf
https://johnsoncontrols.fluidtopics.net/viewer/document/jFIWKVFHvbbhCNDTddcYqw,1900024.pdf
https://johnsoncontrols.fluidtopics.net/viewer/document/JfluGxIIeg9SOq2g~gPg3A,1900667.pdf
https://johnsoncontrols.fluidtopics.net/viewer/document/jfXNYLfBXcGOpE0lpe5HDA,639250.pdf
https://johnsoncontrols.fluidtopics.net/viewer/document/jG5ws1Xyz_EOhk3Sj7RdAQ,1921485.pdf
https://johnsoncontrols.fluidtopics.net/viewer/document/jg5YBkuW9oRd~tLjiXBbYg,930050.pdf
https://johnsoncontrols.fluidtopics.net/viewer/document/jgHGOw_6Bn0VuPAoFmEUsQ,7171110.pdf
https://johnsoncontrols.fluidtopics.net/viewer/document/JH1X01QSwUKDUzxJ26FwTA,1900827.pdf
https://johnsoncontrols.fluidtopics.net/viewer/document/JhC8Shbhz4NJoeLLNiYRAQ,125715.pdf
https://johnsoncontrols.fluidtopics.net/viewer/document/jHecQJM4j9SenE1ZgC6TNw,12011660.pdf
https://johnsoncontrols.fluidtopics.net/viewer/document/JhH~0jIo0AyHqPrgz2rhIA,12011851.pdf
https://johnsoncontrols.fluidtopics.net/viewer/document/jHkIC4YXH5Z3eFHiSLFBLA,249890943.pdf
https://johnsoncontrols.fluidtopics.net/viewer/document/JIDP3G795sTe0t6ZnGsF2g,12013120.pdf
https://johnsoncontrols.fluidtopics.net/viewer/document/jIfB8O0oeBPzDTPopnvOkQ,12013031.pdf
https://johnsoncontrols.fluidtopics.net/viewer/document/jIqMTv5SvPTqazMdkDN5Ww,24977873.pdf
https://johnsoncontrols.fluidtopics.net/viewer/document/JIsTVQTQzMN4vMzU58Auqw,1900968.pdf
https://johnsoncontrols.fluidtopics.net/viewer/document/jJ0IxSkW~0por7nPxQGJsQ,6360252.pdf
https://johnsoncontrols.fluidtopics.net/viewer/document/Jj7WiUktrJHM0~Tf259y2w,4411256.pdf
https://johnsoncontrols.fluidtopics.net/viewer/document/JJA31LydnQM6r~k5cKyzRA,12011708.pdf
https://johnsoncontrols.fluidtopics.net/viewer/document/JjQNkA5CqkdpcimO6NOitQ,145.12-PA7.pdf
https://johnsoncontrols.fluidtopics.net/viewer/document/JjQNkA5CqkdpcimO6NOitQ,145.12-PA7.pdf
https://johnsoncontrols.fluidtopics.net/viewer/document/Jjsy_Anqh1z_wYkI5Z9CHg,12013615.pdf
https://johnsoncontrols.fluidtopics.net/viewer/document/jJT04neNtc_FqgSqjiJf0w,6375190.pdf
https://johnsoncontrols.fluidtopics.net/viewer/document/jjVxls~13xPF7tXIZrRgRA,1921715.pdf
https://johnsoncontrols.fluidtopics.net/viewer/document/JjYKteW5Wv5UoZMlG6YEvg,1201632.pdf
https://johnsoncontrols.fluidtopics.net/viewer/document/jkKPqo7jWr2d0Buo_x6nPg,636031.pdf
https://johnsoncontrols.fluidtopics.net/viewer/document/jkSTY1sI6WCo_iaopFdnug,1162100.pdf
https://johnsoncontrols.fluidtopics.net/viewer/document/JkzsT4SajHi61umsVJ2gDQ,12011112.pdf
https://johnsoncontrols.fluidtopics.net/viewer/document/jL5U3FMEkpEGvyKr1_NyCw,1901023.pdf
https://johnsoncontrols.fluidtopics.net/viewer/document/JL8bngRT~YDonM7ZV1QzTA,121790.pdf
https://johnsoncontrols.fluidtopics.net/viewer/document/JlflQVtpblz5PigLRjyOww,1201906.pdf
https://johnsoncontrols.fluidtopics.net/viewer/document/jlGu0l6j9ohlr2P8CRy1mw,1921515.pdf
https://johnsoncontrols.fluidtopics.net/viewer/document/jLOYBEDwUlX2emYPA05aMA,1900607.pdf
https://johnsoncontrols.fluidtopics.net/viewer/document/JLQ5EqmVJFbxqc5I6yaoHQ,24834751.pdf
https://johnsoncontrols.fluidtopics.net/viewer/document/JmIj6HK4GobDTfynlLeXlg,6364050.pdf
https://johnsoncontrols.fluidtopics.net/viewer/document/jMxkDnH1KhYKzrMv1xAH6Q,A350EB4C.pdf
https://johnsoncontrols.fluidtopics.net/viewer/document/jn~UZxuUccNGso~hkQyohQ,24107876.pdf
https://johnsoncontrols.fluidtopics.net/viewer/document/JnY3W5SDQZozi~0KvgUWuQ,249889150.pdf
https://johnsoncontrols.fluidtopics.net/viewer/document/joAj7ykZwPLEisbU9PAbzw,1923130.pdf
https://johnsoncontrols.fluidtopics.net/viewer/document/jOBWd5qvDsU62a85uiYR5Q,125795.pdf
https://johnsoncontrols.fluidtopics.net/viewer/document/JocR9Mq8KbBJCNV~pb6GLQ,12011778.pdf
https://johnsoncontrols.fluidtopics.net/viewer/document/JOdlVZNxoXXjjjygSt8GXw,12011176.pdf
https://johnsoncontrols.fluidtopics.net/viewer/document/jONYHwp200AkLNmKHmEUXA,145.12-IOM1.pdf
https://johnsoncontrols.fluidtopics.net/viewer/document/JOSlkuAvolYJh7XQy2zyig,121121.pdf
https://johnsoncontrols.fluidtopics.net/viewer/document/jP5wiQOQUCowdJIN~oLjkg,12013298.pdf
https://johnsoncontrols.fluidtopics.net/viewer/document/Jpa3hA8IWWu9fNgxwBwSbA,S4098-0049.pdf
https://johnsoncontrols.fluidtopics.net/viewer/document/JpA5NBU2_zkjZkymYymnzw,636181.pdf
https://johnsoncontrols.fluidtopics.net/viewer/document/jPg1a8QSGTqx5Yfem1J~hw,12013227.pdf
https://johnsoncontrols.fluidtopics.net/viewer/document/jPn_FhpleMHeGWgrBmZaCg,6363162.pdf
https://johnsoncontrols.fluidtopics.net/viewer/document/jqAspjzqA7GP7DZkCodLtQ,1201911.pdf
https://johnsoncontrols.fluidtopics.net/viewer/document/JQHC3kteulwNngi1I_zWug,977AN6.pdf
https://johnsoncontrols.fluidtopics.net/viewer/document/JQRkzKBWvSWQBDISSorDZQ,121145.pdf
https://johnsoncontrols.fluidtopics.net/viewer/document/jQTUJQ004Iin4~D0VQVwCA,2410144246.pdf
https://johnsoncontrols.fluidtopics.net/viewer/document/JrH6BV07gR3CJrsYhsd0MQ,6363130.pdf
https://johnsoncontrols.fluidtopics.net/viewer/document/jRhmmzhjmAA7v2ba_5M72Q,1900329.pdf
https://johnsoncontrols.fluidtopics.net/viewer/document/JRiF052uyEQuJ7bspIZ8fQ,24964710.pdf
https://johnsoncontrols.fluidtopics.net/viewer/document/jrz4gfyp_lxixoN1UsOWSw,247701195.pdf
https://johnsoncontrols.fluidtopics.net/viewer/document/Js2YM1bWcsKpDagqaSZWrQ,12013440.pdf
https://johnsoncontrols.fluidtopics.net/viewer/document/jsdy7vDwVC9qsbgP9t5w7Q,1201593.pdf
https://johnsoncontrols.fluidtopics.net/viewer/document/JSmDCh0J2hH5uI5wLRY3Cw,1900460.pdf
https://johnsoncontrols.fluidtopics.net/viewer/document/JswNAfSnijX8M2EDvDs5xw,12011992.pdf
https://johnsoncontrols.fluidtopics.net/viewer/document/jtNIexkS79fQZbBjdE57wA,1159400.pdf
https://johnsoncontrols.fluidtopics.net/viewer/document/Jtte9xXo0HGZLiUDWeKeMg,12011455.pdf
https://johnsoncontrols.fluidtopics.net/viewer/document/jTvUyfazp61iksqnUMdN5Q,125440.pdf
https://johnsoncontrols.fluidtopics.net/viewer/document/jtWV8UKh7QVtfkEWzfzyQw,1153820.pdf
https://johnsoncontrols.fluidtopics.net/viewer/document/JUbrFRPMWqzGlTehBD3Ltw,6295125.pdf
https://johnsoncontrols.fluidtopics.net/viewer/document/JUTRac1AG5jGcz5I7lxAGw,1900497.pdf
https://johnsoncontrols.fluidtopics.net/viewer/document/juyymNxay_~VCMwRRg1gPg,694370.pdf
https://johnsoncontrols.fluidtopics.net/viewer/document/jVJ6r3LvMPbOgL63ZUM7fw,249889134.pdf
https://johnsoncontrols.fluidtopics.net/viewer/document/jVkdVmiWMmgtJVeSNugbSw,145.17-PA10.pdf
https://johnsoncontrols.fluidtopics.net/viewer/document/jVkdVmiWMmgtJVeSNugbSw,145.17-PA10.pdf
https://johnsoncontrols.fluidtopics.net/viewer/document/jVnMh6Qfjr~NforvfzyvSg,694290.pdf
