country,skill_sets,top_skills
Ireland,"[{'\n  Industry Knowledge': []}, {'\n  Tools & Technologies': []}, {'\n  Interpersonal Skills': []}, {'\n  Other Skills': []}]",
,,
,,
San Francisco Bay Area,"[{'\n  Industry Knowledge': []}, {'\n  Tools & Technologies': []}, {'\n  Interpersonal Skills': []}, {'\n  Other Skills': []}]",
"Seattle, Washington","[{'\n  Industry Knowledge': ['Equities', 'Financial Analysis', 'Analysis', 'Programming', 'Software Engineering', 'Statistics', 'Valuation', 'Data Analysis', 'Engineering', 'Simulation', 'Optimization']}, {'\n  Tools & Technologies': ['Matlab', 'Bloomberg', 'C++', 'C', 'JavaScript', 'Excel', 'Microsoft Excel', 'Python', 'Windows', 'SQL']}, {'\n  Interpersonal Skills': ['Problem Solving', 'Team Building', 'Leadership']}, {'\n  Languages': ['Mandarin']}, {'\n  Other Skills': ['Quantitative Finance', 'Stochastic Calculus', 'Option Valuation', 'Product Analysis']}]","Product Management,Analytics,Data Science"
"Mountain View, California","[{'\n  Industry Knowledge': ['Research', 'Data Analysis', 'Machine Learning', 'Statistical Data Analysis', 'Technology Integration', 'Instructional Design', 'Programming', 'Simulations', 'Statistical Modeling', 'Algorithms', 'Data Mining', 'Mathematics', 'Data Visualization', 'Web Development', 'Mathematical Modeling', 'Project Management']}, {'\n  Tools & Technologies': ['Matlab', 'Python', 'R', 'Java', 'Microsoft Office', 'Google Docs', 'Amazon Web Services (AWS)', 'SQL', 'Hadoop', 'MySQL', 'LaTeX', 'Linux', 'C++', 'HTML', 'Fortran', 'PHP', 'Scala', 'JavaScript', 'CSS', 'MongoDB', 'Cascading Style Sheets (CSS)', 'PostgreSQL']}, {'\n  Interpersonal Skills': ['Public Speaking']}, {'\n  Other Skills': ['Data Science', 'Apache Spark', 'Hadoo', 'Apache Pig', 'Hive', 'Deep Learning']}]","Physics,Science,Statistics"
"London, Greater London, United Kingdom","[{'\n  Industry Knowledge': ['Statistics', 'Analysis', 'Statistical Modeling', 'Data Mining', 'Numerical Analysis', 'Mathematics']}, {'\n  Tools & Technologies': ['Microsoft Excel', 'Matlab', 'Microsoft Word', 'LaTeX', 'PowerPoint', 'C', 'MySQL', 'HTML', 'JavaScript', 'Fortran', 'CSS', 'SQL']}, {'\n  Other Skills': ['Octave', 'Computational Mathematics', 'Numerical Linear Algebra', 'Shiny Apps', 'Interactive Dashboard', 'Presto', 'Attribution', 'Data Science']}]","Attribution Modeling,R,Data Analysis"
"Cambridge, Massachusetts","[{'\n  Industry Knowledge': ['Robotics', 'Statistics', 'Programming', 'Computer Science', 'Computer Vision', 'Image Processing', 'Signal Processing', 'Simulations', 'Data Visualization', 'Data Analysis', 'Data Mining', 'Analytics', 'Mathematical Modeling', 'Modeling', 'Software Engineering', 'Software Development', 'Cloud Computing', 'Writing']}, {'\n  Tools & Technologies': ['Python', 'Matlab', 'Java', 'C++', 'C', 'R', 'SQL', 'MongoDB', 'AWS', 'Windows Azure', 'Linux']}, {'\n  Interpersonal Skills': ['Public Speaking', 'Teaching', 'Team Leadership']}, {'\n  Other Skills': ['Data Science', 'Deep Learning', 'Reinforcement Learning', 'Natural Language Processing', 'Pattern Recognition', 'Neural Networks', 'Algorithm Development', 'Predictive Modeling', 'Technical Presentations', 'Strategic Visionary', 'Machine Psychology', 'Craft Beer', 'Hair braiding']}]","Artificial Intelligence,Machine Learning,Algorithms"
"Menlo Park, California","[{'\n  Industry Knowledge': ['Artificial Intelligence', 'Data Mining', 'Software Engineering', 'Statistics', 'Data Analysis', 'Programming', 'Research']}, {'\n  Tools & Technologies': ['LaTeX', 'R', 'Matlab', 'Java']}, {'\n  Other Skills': ['Pattern Recognition', 'Reinforcement Learning', 'Cognitive Neuroscience', 'Computational Neuroscience', 'Algorithm Design']}]","Machine Learning,Algorithms,Computer Science"
"London, United Kingdom","[{'\n  Industry Knowledge': []}, {'\n  Tools & Technologies': []}, {'\n  Other Skills': []}]",
,,
"Austin, Texas","[{'\n  Industry Knowledge': ['Data Mining', 'Data Analysis', 'Statistics', 'ETL', 'Modeling', 'Big Data', 'Business Intelligence', 'Product Management']}, {'\n  Tools & Technologies': ['SQL', 'SAS', 'SPSS', 'Matlab', 'Hadoop', 'Stata', 'Adobe Illustrator', 'Microsoft Office', 'Microsoft Excel', 'Microsoft PowerPoint', 'Tableau', 'Microsoft Power BI', 'HTML5', 'PHP']}, {'\n  Other Skills': ['Spark', 'Text Mining']}]","Python,R,Machine Learning"
Ireland,"[{'\n  Industry Knowledge': ['Data Analysis', 'Statistical Modeling', 'Business Analytics', 'Design of Experiments', 'Segmentation', 'Pharmaceutical Industry', 'Business Intelligence']}, {'\n  Tools & Technologies': ['R', 'Matlab']}, {'\n  Other Skills': ['Predictive Analytics', 'Predictive Modeling', 'Multivariate Analysis']}]","Data Mining,Statistics,Analytics"
,,
,,
"San Jose, California","[{'\n  Industry Knowledge': ['Analytics', 'Statistics', 'Statistical Modeling', 'Data Analysis', 'Data Mining', 'Software Development', 'Web Development', 'Consulting', 'Project Management', 'Business Intelligence']}, {'\n  Tools & Technologies': ['R', 'Python', 'JavaScript', 'Visio', 'Databases']}, {'\n  Other Skills': ['Technology Consulting']}]","SQL,PL/SQL,Java"
San Francisco Bay Area,"[{'\n  Industry Knowledge': ['Data Analysis', 'Research', 'Statistics', 'Bioinformatics', 'SAS Programming', 'Statistical Modeling', 'Machine Learning']}, {'\n  Tools & Technologies': ['SAS', 'Microsoft Office', 'Microsoft Excel', 'PowerPoint', 'Matlab', 'PostgreSQL', 'MongoDB']}, {'\n  Other Skills': ['Database Management System', 'Scikit-Learn', 'NumPy', 'Matplotlib', 'Artificial Neural Networks', 'Predictive Modeling', 'Recommender Systems', 'Logistic Regression', 'Linear Regression', 'Bayesian statistics', 'A/B Testing', 'Hypothesis Testing', 'Decision Trees', 'Support Vector Machine (SVM)', 'PCA', 'Spark', 'KNN']}]","R,Python,SQL"
San Francisco Bay Area,"[{'\n  Industry Knowledge': ['Machine Learning', 'Mathematical Modeling', 'Simulations']}, {'\n  Tools & Technologies': ['SQL', 'R', 'Matlab']}, {'\n  Other Skills': ['Data Science']}]","Data Analysis,Statistics,Python"
"Sunnyvale, California","[{'\n  Industry Knowledge': ['Data Analysis', 'Machine Learning', 'Supply Chain Management', 'Supply Chain', 'Industrial Engineering', 'Logistics', 'Manufacturing', 'Research', 'Analysis', 'Statistics', 'Algorithms']}, {'\n  Tools & Technologies': ['Amazon Web Services (AWS)', 'Hadoop', 'SQL', 'Microsoft Office', 'Minitab', 'Warehouse Management', 'SPSS', 'Java', 'Microsoft Excel']}, {'\n  Other Skills': ['Apache Spark', 'Predictive Modeling', 'Text Mining', 'Arena Simulation Software', 'Decision Trees', 'Natural Language Processing', 'Weka']}]","R,Data Mining,Python"
Israel,"[{'\n  Industry Knowledge': ['Social Media', 'Data Analysis', 'Political Science', 'Strategy', 'Politics', 'Journalism', 'Strategic Planning', 'Editing', 'Project Management', 'Blogging', 'Policy Analysis', 'Analytical Skills']}, {'\n  Tools & Technologies': ['Microsoft Office', 'R', 'Microsoft Excel', 'SQL', 'Python']}, {'\n  Interpersonal Skills': ['Team Leadership', 'Management', 'Public Speaking', 'Leadership']}, {'\n  Languages': ['English']}, {'\n  Other Skills': ['Hebrew', 'Foreign Policy Analysis']}]","Research,International Relations,Analysis"
Greater Minneapolis-St. Paul Area,"[{'\n  Industry Knowledge': ['Data Visualization', 'Big Data', 'big data', 'project management']}, {'\n  Tools & Technologies': ['SQL', 'Hadoop', 'Amazon Web Services (AWS)', 'SQL Server Integration Services (SSIS)', 'Microsoft PowerPoint', 'Microsoft Excel', 'SPSS']}, {'\n  Interpersonal Skills': ['Presentation Skills']}, {'\n  Other Skills': ['Predictive Modeling', 'Apache Pig', 'Sqoop', 'Human Resource Planning', 'Hive', 'workforce an']}]","R,Python,Machine Learning"
San Francisco Bay Area,"[{'\n  Industry Knowledge': ['Data Analysis', 'Statistical Modeling', 'Research']}, {'\n  Tools & Technologies': ['Microsoft Excel', 'Stata', 'Microsoft Office', 'Python', 'LaTeX', 'SAS', 'Microsoft Word', 'PowerPoint', 'Matlab']}, {'\n  Interpersonal Skills': ['Customer Service']}, {'\n  Other Skills': ['Logistic Regression', 'Experimental Design', 'Statistical Consulting']}]","R,Statistics,Biostatistics"
"Stanford, California","[{'\n  Industry Knowledge': ['Statistics', 'Physics', 'Programming', 'Research', 'Mechanical Engineering', 'Materials Science', 'Thermodynamics', 'Electronics']}, {'\n  Tools & Technologies': ['C++', 'Python', 'Matlab', 'Solidworks', 'AutoCAD', 'Microsoft Office']}, {'\n  Other Skills': ['MapReduce', 'Partial Differential Equations', 'COMSOL', 'Parallel Computing']}]","Data Science,Machine Learning,Data Mining"
,,
San Francisco Bay Area,"[{'\n  Industry Knowledge': ['Statistical Modeling', 'Data Analysis', 'Clinical Trials', 'Biostatistics', 'Regression', 'Regression Testing', 'Data Mining', 'Research', 'Analytics', 'Analysis', 'Machine Learning', 'SAS Programming']}, {'\n  Tools & Technologies': ['SAS', 'SPSS', 'LaTeX', 'Microsoft Office', 'Microsoft Word', 'Microsoft Excel', 'SQL']}, {'\n  Interpersonal Skills': ['Teamwork']}, {'\n  Other Skills': ['Time Series Analysis', 'Logistic Regression', 'JMP', 'Bayesian statistics', 'Linear Regression', 'Bayesian methods', 'Bayesian inference', 'Predictive Modeling']}]","Weka,R,Statistics"
,,
"San Francisco, California","[{'\n  Industry Knowledge': ['Statistical Modeling', 'Data Analysis', 'Machine Learning', 'Economics', 'Macroeconomics', 'Statistics', 'Financial Modeling', 'Financial Analysis', 'Corporate Finance', 'Project Finance', 'Solar Energy', 'Renewable Energy', 'Risk Management', 'Econometrics', 'Data Modeling', 'Mathematical Modeling', 'Quantitative Analytics', 'Strategy', 'Finance']}, {'\n  Tools & Technologies': ['Python', 'SQL', 'R', 'Microsoft Excel', 'Hadoop', 'MySQL', 'Linux']}, {'\n  Other Skills': ['International Economics']}]","Analysis,Analytics,Data Mining"
Greater New York City Area,"[{'\n  Industry Knowledge': ['Research', 'Data Visualization', 'Analytics', 'Financial Modeling']}, {'\n  Tools & Technologies': ['SQL', 'Microsoft Excel', 'Pandas', 'Matlab', 'R', 'D3.js', 'Bloomberg']}, {'\n  Interpersonal Skills': ['Management']}, {'\n  Other Skills': ['Natural Language Processing', 'Web Scraping', 'Matplotlib']}]","Data Analysis,Python,MongoDB"
,,
San Francisco Bay Area,"[{'\n  Industry Knowledge': ['Data Mining', 'Research', 'Business Analysis', 'Statistics', 'Data Warehousing', 'Analysis', 'Project Management']}, {'\n  Tools & Technologies': ['SAS', 'Microsoft SQL Server', 'Microsoft Office', 'JavaScript', 'SharePoint', 'R', 'PHP', 'XML', 'SSIS', 'Java', 'Microsoft Access', 'SSRS', 'SQL Server Integration Services (SSIS)']}, {'\n  Other Skills': ['Natural Language Processing', 'Applied Machine Learning']}]","Data Analysis,Databases,SQL"
United States,"[{'\n  Industry Knowledge': ['Fluid Mechanics', 'CFD', 'Data Analysis', 'Statistics']}, {'\n  Tools & Technologies': ['R', 'SQL', 'Java', 'Matlab']}, {'\n  Other Skills': []}]","Analytics,Machine Learning,Python"
San Francisco Bay Area,"[{'\n  Industry Knowledge': ['Business Strategy']}, {'\n  Tools & Technologies': []}, {'\n  Interpersonal Skills': []}]","Product Management,Predictive Analytics,Product Development"
Greater Seattle Area,"[{'\n  Industry Knowledge': ['Data Analysis', 'Science', 'Image Processing', 'Signal Processing', 'Intellectual Property', 'Cell Biology', 'Fluorescence Microscopy', 'Neuroscience', 'Biotechnology', 'Biochemistry', 'Life Sciences']}, {'\n  Tools & Technologies': ['SQL']}, {'\n  Other Skills': ['Predictive Analytics', 'Data Science', 'Electrophysiology']}]","Python,R,Matlab"
San Francisco Bay Area,"[{'\n  Industry Knowledge': ['Data Analysis', 'Market Research', 'Analysis', 'Strategy', 'Analytics', 'Research', 'Retail', 'Forecasting', 'Machine Learning']}, {'\n  Tools & Technologies': ['SQL', 'Tableau', 'Microsoft Excel', 'Windows', 'Microsoft Office']}, {'\n  Interpersonal Skills': []}, {'\n  Other Skills': ['Statistical testing']}]","Python,R,Teradata"
"Paris 02, Île-de-France, France","[{'\n  Industry Knowledge': ['Business Strategy', 'SAS programming', 'Financial Analysis', 'Analysis', 'Risk Management', 'Project Management', 'Finance', 'Economics', 'Investments', 'Statistics', 'Financial Modeling', 'Data Mining', 'Econometrics']}, {'\n  Tools & Technologies': ['Tableau', 'Microsoft SQL Server', 'Microsoft Excel', 'SQL', 'Microsoft Office', 'PowerPoint', 'R']}, {'\n  Interpersonal Skills': ['Teamwork']}, {'\n  Other Skills': ['Panel Data Analysis', 'Econometric Modeling', 'Bayesian statistics', 'Time Series Analysis', 'Financial Econometrics', 'Marketing Mix Modeling']}]","Data Analysis,Business Intelligence,R programming"
"Menlo Park, California","[{'\n  Industry Knowledge': ['Statistics', 'Data Mining', 'Big Data', 'Physics', 'Image Processing']}, {'\n  Tools & Technologies': ['SQL', 'Matlab', 'R', 'C', 'Microsoft Office']}, {'\n  Other Skills': ['Data Science', 'Data Cleaning', 'Visualization', 'Magnetism', 'Artificial Spin Ice']}]","Python,Machine Learning,Data Analysis"
United States,"[{'\n  Industry Knowledge': ['Machine Learning', 'Statistics', 'Analytics', 'Mathematical Modeling', 'Research', 'Algorithms', 'Data Analysis']}, {'\n  Tools & Technologies': ['Matlab', 'SQL']}, {'\n  Other Skills': ['A/B Testing']}]","R,Python,Data Analytics"
San Francisco Bay Area,"[{'\n  Industry Knowledge': ['Data Analysis', 'Research', 'Economics', 'Analysis', 'Financial Analysis', 'Data Entry']}, {'\n  Tools & Technologies': ['SQL', 'Python', 'HTML', 'Microsoft Word', 'Java', 'JavaScript', 'C', 'Matlab', 'Photoshop']}, {'\n  Languages': ['English', 'French']}, {'\n  Other Skills': []}]","Microsoft Excel,Microsoft Office,PowerPoint"
"London, United Kingdom","[{'\n  Industry Knowledge': ['User Experience', 'Business Strategy', 'E-commerce', 'Agile Methodologies', 'Web Services']}, {'\n  Tools & Technologies': ['Python', 'PHP', 'Web 2.0', 'HTML 5', 'Node.js']}, {'\n  Other Skills': ['Data Science', 'Business Modeling', 'Graphs']}]","Mobile Devices,MySQL,Start-ups"
,,
Greater Chicago Area,"[{'\n  Industry Knowledge': ['Business Analysis', 'Statistics', 'Project Management', 'Analysis', 'CRM', 'Statistical Data Analysis']}, {'\n  Tools & Technologies': ['Microsoft Office', 'SQL', 'Microsoft SQL Server', 'Java', 'R', 'Microsoft Word', 'Informatica', 'Hadoop', 'NoSQL']}, {'\n  Interpersonal Skills': ['Leadership', 'Problem Solving', 'Critical Thinking']}, {'\n  Other Skills': ['Data Quality', 'Pegasystems PRPC', 'Mathematical Programming', 'Statistical Programming', 'Manage Client Relationships']}]","Data Analysis,Microsoft Excel,Analytics"
San Francisco Bay Area,"[{'\n  Industry Knowledge': ['Statistics', 'Analytics', 'Data Mining', 'Statistical Modeling', 'Machine Learning', 'Revenue Management', 'Mathematical Modeling', 'Retail', 'SAS Programming']}, {'\n  Tools & Technologies': ['Matlab', 'R', 'C', 'Hadoop', 'Python']}, {'\n  Other Skills': ['Predictive Modeling', 'Combinatorial Optimization', 'Predictive Analytics', 'SAS Base']}]","SAS,Operations Research,Data Analysis"
,,
"London, United Kingdom","[{'\n  Industry Knowledge': ['Analytics', 'Statistics', 'Data Analysis', 'Display Advertising', 'Programming', 'Advertising', 'Digital Strategy', 'Online Advertising', 'Digital Marketing']}, {'\n  Tools & Technologies': ['Mathematica', 'LaTeX', 'SQL', 'Tableau']}, {'\n  Interpersonal Skills': ['Teaching', 'Teamwork', 'Problem Solving']}, {'\n  Languages': ['Italian']}, {'\n  Other Skills': ['Probability Theory', 'Highly detail oriented', 'Communication Skills']}]","Analytical Skills,English,Mathematics"
"London, Greater London, United Kingdom","[{'\n  Industry Knowledge': ['Financial Modeling', 'Change Management', 'Project Management', 'Management Consulting', 'Business Process Improvement', 'Quantitative Analytics', 'Data Modeling', 'Requirements Gathering', 'Consulting', 'Strategy', 'Psychology', 'Research', 'Policy']}, {'\n  Tools & Technologies': ['Microsoft Excel', 'QlikView', 'PowerPoint', 'Microsoft Word']}, {'\n  Interpersonal Skills': ['Stakeholder Management', 'Leadership', 'Public Speaking', 'Qualitative Research', 'Fundraising']}, {'\n  Other Skills': ['Business Case Modelling', 'Data Project Management / Leadership', 'IT Financial Management', 'Technology Adoption', 'Business Case Development', 'Dashboard Design', 'Technology Change Management', 'IT Transformation', 'Finance Transformation', 'Cost Model Development', 'Rifle Coaching', 'Peer Support']}]","Tableau,MySQL,Data Analysis"
"London, United Kingdom","[{'\n  Industry Knowledge': ['Product Management', 'Business Development', 'Online Advertising', 'Mobile Devices', 'Analysis', 'Project Management', 'Mobile Applications', 'Start-ups', 'Agile Methodologies', 'Software Development']}, {'\n  Tools & Technologies': ['SQL', 'Business Objects', 'Databases', 'R']}, {'\n  Interpersonal Skills': ['Management']}, {'\n  Other Skills': ['Product Requirements', 'RTB', 'Loving Life', 'Passionate about work', 'Love Of Learning', 'Data Science']}]","Business Intelligence,Analytics,Data Mining"
"San Francisco, California","[{'\n  Industry Knowledge': ['Machine Learning', 'Research', 'Strategy', 'Data Mining', 'Statistics', 'Cloud Computing', 'Data Analysis', 'Digital Strategy', 'Financial Modeling', 'Finite Element Analysis', 'Analytics']}, {'\n  Tools & Technologies': ['Python', 'Amazon Web Services (AWS)', 'Tableau', 'Hadoop', 'MySQL', 'C', 'C++', 'Linux', 'R', 'JavaScript', 'Solidworks', 'Matlab', 'Microsoft Excel']}, {'\n  Other Skills': ['Apache Spark']}]","Artificial Intelligence,Leadership,Recommender Systems"
,,
,,
"London, United Kingdom","[{'\n  Industry Knowledge': ['Financial Services']}, {'\n  Tools & Technologies': ['Microsoft Excel', 'PowerPoint', 'Microsoft Office']}, {'\n  Other Skills': []}]","Teamwork,Statistics,Analysis"
"London, Greater London, United Kingdom","[{'\n  Industry Knowledge': []}, {'\n  Interpersonal Skills': []}, {'\n  Other Skills': []}]",Java
San Francisco Bay Area,"[{'\n  Industry Knowledge': ['Data Analysis', 'Protein Purification', 'Confocal Microscopy', 'Cell Culture', 'Western Blotting', 'Mass Spectrometry']}, {'\n  Tools & Technologies': ['Scala', 'Pandas', 'Linux', 'SQL', 'R', 'MongoDB', 'Java', 'HTML&CSS', 'JavaScript']}, {'\n  Other Skills': ['Spark', 'Pig', 'Deep Learning', 'SciPy', 'Data Wrangling', 'R-data visualization']}]","Python,Machine Learning,Ensemble"
"London, United Kingdom","[{'\n  Industry Knowledge': ['Data Analysis', 'Business Strategy', 'Statistics', 'Analytics', 'Research', 'Artificial Intelligence', 'Start-ups', 'Strategy', 'Social Media', 'Digital Marketing']}, {'\n  Tools & Technologies': ['Python', 'LaTeX']}, {'\n  Other Skills': ['Pattern Recognition', 'Information Retrieval']}]","Machine Learning,Data Mining,Natural Language Processing"
,,
"London, United Kingdom","[{'\n  Industry Knowledge': ['Financial Modeling', 'Data Mining', 'Statistics']}, {'\n  Tools & Technologies': ['SQL', 'VBA', 'SAS', 'Microsoft Excel', 'PowerPoint']}, {'\n  Other Skills': ['Predictive Modeling']}]","Data Analysis,Analytics,Customer Analysis"
"London, United Kingdom","[{'\n  Industry Knowledge': ['E-commerce', 'SEO', 'SEA', 'PPC', 'Project Management', 'Content Marketing', 'Social Media Marketing', 'Social Media', 'Email Marketing', 'Marketing', 'Marketing Strategy', 'Search Advertising', 'Web Analytics', 'Online Advertising', 'Analytics', 'Online Marketing', 'Business Development', 'Data Analysis', 'Statistics', 'Statistical Data Analysis']}, {'\n  Tools & Technologies': ['Tableau', 'SQL', 'Microsoft Excel', 'Google Adwords', 'Google Webmaster Tools']}, {'\n  Interpersonal Skills': ['Team Management']}, {'\n  Other Skills': ['Spotfire', 'Regression Analysis', 'SEOmoz', 'Link Analysis', 'A/B testing', 'Multivariate Testing', 'Omniture', 'Link Building', 'Keyword Research', 'Data Science']}]","Digital Marketing,Google Analytics,Digital Strategy"
"Cambridge, United Kingdom","[{'\n  Industry Knowledge': ['Molecular Biology', 'Programming', 'Data Analysis', 'Bioinformatics', 'Machine Learning']}, {'\n  Tools & Technologies': ['Python', 'Matlab', 'Scala', 'SQL', 'C++', 'Microsoft Office']}, {'\n  Interpersonal Skills': ['Teamwork', 'Public Speaking']}, {'\n  Other Skills': ['NGS', 'Bayesian inference']}]","Research,LaTeX,Statistics"
San Francisco Bay Area,"[{'\n  Industry Knowledge': ['Machine Learning', 'Data Mining', 'Business Strategy', 'Business Planning', 'Management Consulting', 'Strategic Planning', 'Market Analysis', 'Financial Analysis', 'Strategic Consulting', 'Financial Modeling', 'Business Intelligence', 'E-commerce']}, {'\n  Tools & Technologies': ['Python', 'Microsoft Excel']}, {'\n  Interpersonal Skills': ['Public Speaking']}, {'\n  Languages': ['English', 'Portuguese', 'Italian']}, {'\n  Other Skills': ['Market Entry', 'Fraud Detection', 'Electronic Payments', 'E-commerce Optimization']}]","Data Science,Data Analysis,SQL"
San Francisco Bay Area,"[{'\n  Industry Knowledge': ['Equities', 'Derivatives', 'Statistical Modeling', 'Analytics', 'Data Mining', 'Analysis', 'Economics']}, {'\n  Tools & Technologies': ['R', 'Java', 'SQL', 'Python', 'VBA']}]","Data Analysis,Stata,Microsoft Excel"
,,
"London, United Kingdom","[{'\n  Industry Knowledge': []}, {'\n  Tools & Technologies': []}, {'\n  Interpersonal Skills': []}, {'\n  Other Skills': []}]",
"Toronto, Canada Area","[{'\n  Industry Knowledge': ['Social Media', 'Research', 'Programming']}, {'\n  Tools & Technologies': ['Microsoft Word', 'PowerPoint', 'Matlab', 'Photoshop']}, {'\n  Interpersonal Skills': ['Public Speaking', 'Customer Service']}]","Teamwork,Microsoft Office,Microsoft Excel"
San Francisco Bay Area,"[{'\n  Industry Knowledge': ['Statistics', 'Actuarial Science', 'Financial Modeling', 'Market Research']}, {'\n  Tools & Technologies': ['Microsoft Excel', 'R', 'Microsoft Office', 'Stata', 'Microsoft Word', 'Microsoft PowerPoint']}, {'\n  Interpersonal Skills': ['Leadership', 'Public Speaking']}, {'\n  Other Skills': ['Data Science']}]","Data Analysis,Economics,Research"
San Francisco Bay Area,"[{'\n  Industry Knowledge': ['Data Mining', 'Statistical Modeling', 'Analytics', 'Analysis', 'Strategy', 'Research', 'Consulting', 'Business Analytics', 'Financial Modeling', 'Credit Risk', 'Project Management', 'Quantitative Analytics', 'Financial Analysis', 'Risk Management', 'Finance', 'Credit Cards', 'Financial Reporting', 'Pricing Strategy', 'SAS Programming']}, {'\n  Tools & Technologies': ['SQL', 'R', 'SPSS', 'Microsoft Excel', 'Python', 'Microsoft Office']}, {'\n  Interpersonal Skills': ['Management', 'Leadership']}, {'\n  Other Skills': ['Predictive Modeling', 'SAS Certified Base Programmer', 'Fraud Detection', 'Model Validation', 'Time Series Analysis', 'Sales Analysis', 'Logistics regression']}]","Data Analysis,SAS,Statistics"
San Francisco Bay Area,"[{'\n  Industry Knowledge': ['Statistics', 'Statistical Modeling', 'Algorithms']}, {'\n  Tools & Technologies': ['Python', 'Unix', 'C++', 'SQL']}]","Data Analysis,Machine Learning,R"
San Francisco Bay Area,"[{'\n  Industry Knowledge': ['Data Mining', 'Artificial Intelligence', 'Distributed Systems', 'Cloud Computing', 'Computer Vision', 'Image Processing', 'Algorithms', 'Programming', 'Data Structures', 'Computer Science']}, {'\n  Tools & Technologies': ['Pandas', 'C', 'D3.js', 'Tableau', 'Matlab', 'Java', 'Hadoop', 'MySQL', 'HTML', 'JavaScript', 'Linux', 'C++', 'SQL']}, {'\n  Other Skills': ['Pattern Recognition', 'Gephi', 'OpenCV']}]","Python,Machine Learning,Data Analytics"
Greater Los Angeles Area,"[{'\n  Industry Knowledge': ['Optimization', 'Mathematical Modeling', 'Simulations', 'Numerical Analysis', 'Data Analysis', 'Statistics', 'Operations Research', 'Modeling', 'Quantitative Analytics']}, {'\n  Tools & Technologies': ['LaTeX', 'C', 'Mathematica', 'Python', 'SQL', 'Julia', 'MongoDB', 'Hadoop', 'R']}, {'\n  Other Skills': ['Pattern Recognition', 'Information Theory', 'Linear Programming', 'Integer Programming', 'Markov Decision Processes', 'Dynamic Programming', 'Stochastic Control', 'Robust Optimization', 'Reinforcement Learning', 'Heuristics', 'Cplex', 'Apache Spark']}]","Algorithms,Matlab,Machine Learning"
San Francisco Bay Area,"[{'\n  Industry Knowledge': ['Analytics', 'Business Development', 'Market Research', 'Analysis', 'Entrepreneurship']}, {'\n  Tools & Technologies': ['Microsoft Office', 'Python', 'SQL', 'R', 'Hadoop', 'C', 'C++', 'Visual C++', 'Tableau']}, {'\n  Interpersonal Skills': ['Management', 'Leadership']}, {'\n  Other Skills': ['Apache Pig', 'OriginLab']}]","Data Analysis,Matlab,Microsoft Excel"
San Francisco Bay Area,"[{'\n  Industry Knowledge': []}, {'\n  Tools & Technologies': []}, {'\n  Other Skills': []}]",
San Francisco Bay Area,"[{'\n  Industry Knowledge': ['Statistics', 'Risk Management', 'Financial Analysis', 'Research', 'Project Management', 'Data Analysis', 'Consulting', 'Analytics']}, {'\n  Tools & Technologies': ['SQL', 'Microsoft Word', 'R', 'Python', 'SAS', 'Tableau', 'Microsoft Office', 'Microsoft Excel']}, {'\n  Interpersonal Skills': ['Teamwork']}, {'\n  Other Skills': ['Apache Spark', 'HTML, CSS and JavaScript']}]","Business Intelligence,Business Analysis,Leadership"
,,
Greater New York City Area,"[{'\n  Industry Knowledge': ['Web Development', 'Early Childhood Education', 'Elementary Education']}, {'\n  Tools & Technologies': ['Ruby on Rails', 'Ruby', 'SQL', 'Github', 'Git', 'jQuery', 'Python']}, {'\n  Interpersonal Skills': ['Teaching', 'Classroom Management', 'Tutoring', 'Public Speaking']}, {'\n  Other Skills': ['Facebook API', 'Sinatra']}]","JavaScript,HTML,CSS"
,,
,,
San Francisco Bay Area,"[{'\n  Industry Knowledge': []}, {'\n  Tools & Technologies': []}, {'\n  Interpersonal Skills': []}]",
San Francisco Bay Area,"[{'\n  Industry Knowledge': ['Research', 'Data Analysis', 'International Relations', 'Business Intelligence', 'Non-profits', 'Public Relations', 'International Development', 'Public Policy']}, {'\n  Tools & Technologies': ['Microsoft Office', 'MySQL', 'Tableau']}, {'\n  Other Skills': ['Vertica', 'Google Adwords Professional']}]","Social Media,Microsoft Word,Editing"
"Cambridge, Massachusetts","[{'\n  Industry Knowledge': ['Research', 'Social Media', 'Science']}, {'\n  Tools & Technologies': ['HTML', 'Microsoft Excel', 'Microsoft Office', 'Microsoft Word']}, {'\n  Interpersonal Skills': ['Teamwork', 'Public Speaking']}, {'\n  Languages': ['English']}]","Python,SQL,Machine Learning"
San Francisco Bay Area,"[{'\n  Industry Knowledge': ['Data Analysis', 'Statistics', 'Competitive Analysis', 'Business Strategy', 'Marketing Strategy', 'Sales', 'Strategy', 'Entrepreneurship', 'Business Development']}, {'\n  Interpersonal Skills': ['Cross-functional Team Leadership', 'Leadership', 'Management']}, {'\n  Other Skills': ['Market Entry']}]","Python,Machine Learning,SQL"
"San Francisco, California","[{'\n  Industry Knowledge': ['Online Advertising', 'Analysis', 'Data Mining', 'Statistical Modeling', 'Data Visualization', 'Advertising', 'Statistics', 'Segmentation', 'Machine Learning', 'Research']}, {'\n  Tools & Technologies': ['R', 'D3', 'SQL', 'Python', 'Microsoft Office']}, {'\n  Other Skills': ['Predictive Analytics']}]","Data Analysis,Analytics,Predictive Modeling"
,,
,,
"Seattle, Washington","[{'\n  Industry Knowledge': ['Entrepreneurship', 'Simulations', 'Simulation', 'Mobile Applications', 'Physics', 'Signal Processing', 'Strategy']}, {'\n  Tools & Technologies': ['SQL', 'tableau', 'Matlab', 'Python', 'C++', 'Linux', 'Hadoop']}, {'\n  Interpersonal Skills': ['Public Speaking']}, {'\n  Other Skills': ['Apache Pig', 'Skibbling the Frim-Fram', 'teradata', 'Ultimate Frisbee']}]","Data Analysis,Data Mining,Algorithms"
,,
,,
,,
"Belmont, California","[{'\n  Industry Knowledge': ['Science', 'Physics', 'Statistics', 'Machine Learning', 'Mathematical Modeling', 'Mathematics']}, {'\n  Tools & Technologies': ['Mathematica', 'C++', 'Python', 'Microsoft Office', 'PowerPoint', 'Matlab', 'Microsoft Excel', 'Microsoft Word', 'SQL', 'Windows', 'Outlook', 'Bash']}, {'\n  Interpersonal Skills': ['Teaching', 'Public Speaking']}, {'\n  Languages': ['English', 'German']}, {'\n  Other Skills': ['Data Science', 'A/B Testing']}]","Research,LaTeX,Data Analysis"
San Francisco Bay Area,"[{'\n  Industry Knowledge': ['Research']}, {'\n  Tools & Technologies': ['Matlab']}, {'\n  Interpersonal Skills': ['Teaching']}]","Statistics,Data Analysis,Python"
San Francisco Bay Area,"[{'\n  Industry Knowledge': ['Algorithms', 'Cloud Computing', 'Physics', 'Sensors', 'Numerical Analysis']}, {'\n  Tools & Technologies': ['Databases', 'Amazon Web Services (AWS)', 'Matlab', 'C++', 'Git', 'Labview', 'LaTeX', 'Mathematica', 'Fortran', 'AutoCAD', 'MySQL']}, {'\n  Other Skills': ['Monte Carlo Simulation', 'Scientific Computing', 'Data Acquisition', 'Radiation Detectors', 'Particle Physics', 'Gamma Spectroscopy', 'X-ray spectroscopy', 'Vacuum Chambers']}]","Python,Statistics,Machine Learning"
"Menlo Park, California","[{'\n  Industry Knowledge': ['Machine Learning', 'Research', 'Economics', 'Statistics', 'Data Analysis', 'Econometrics', 'Quantitative Research', 'Mathematical Modeling']}, {'\n  Tools & Technologies': ['Fortran', 'Matlab', 'Stata', 'Python', 'C', 'Java', 'SQL', 'LaTeX', 'Hadoop', 'XML', 'Microsoft Office', 'R', 'SAS']}, {'\n  Other Skills': ['Sharing Economy', 'Computational Economics', 'Numerical Optimization', 'Statistical Learning', 'Auctions', 'Economics of Innovation', 'Game Theory', 'Economics of Energy', 'MapReduce', 'Dynamic Programming', 'NAG Library', 'Middle East Politics', 'Apache Spark', 'Hive']}]","Economic Modeling,Structural Econometrics,Market Design"
San Francisco Bay Area,"[{'\n  Industry Knowledge': ['Machine Learning', 'Spatial Analysis', 'Algorithms', 'Research', 'Modeling', 'Civil Engineering', 'Transportation Planning', 'Science']}, {'\n  Tools & Technologies': ['Java', 'Matlab', 'GIS', 'SPSS', 'HTML', 'SQL', 'Hadoop', 'SAS', 'Microsoft Office', 'Access', 'AutoCAD', 'ArcGIS']}, {'\n  Interpersonal Skills': ['Teaching']}, {'\n  Other Skills': ['C++ Language']}]","Data Analysis,Python,Statistics"
"New York, New York","[{'\n  Tools & Technologies': ['JavaScript', 'C', 'PHP', 'HTML', 'Python', 'SQL']}, {'\n  Other Skills': ['Cognitive Neuroscience', 'Experimental Design', 'Neuroimaging', 'Hive']}]","Data Analysis,Matlab,R"
"Brooklyn, New York","[{'\n  Industry Knowledge': ['Project Management', 'Actuarial Science', 'Data Analysis', 'Statistics']}, {'\n  Tools & Technologies': ['R', 'SQL', 'VBA', 'Python', 'Microsoft Excel', 'Microsoft Office']}, {'\n  Other Skills': ['Data Analytics']}]","Data Science,Predictive Modeling,Machine Learning"
San Francisco Bay Area,"[{'\n  Industry Knowledge': ['Economics', 'Statistics', 'Data Analysis']}, {'\n  Tools & Technologies': []}]","Python,R,Economics"
"New York, New York","[{'\n  Industry Knowledge': ['Statistical Data Analysis', 'Strategy', 'Business Strategy', 'Market Research', 'Management Consulting', 'Analysis', 'Consulting']}, {'\n  Tools & Technologies': ['SAS', 'R']}]","Data Analysis,SQL,Python"
San Francisco Bay Area,"[{'\n  Industry Knowledge': ['Budgets', 'Policy', 'Management Consulting', 'Financial Modeling', 'Accounting', 'Financial Analysis', 'Economics', 'Statistics', 'Analysis', 'Marketing']}, {'\n  Tools & Technologies': ['Microsoft Excel', 'PowerPoint', 'Access']}, {'\n  Interpersonal Skills': ['Public Speaking']}, {'\n  Languages': ['Spanish']}, {'\n  Other Skills': []}]","Data Analysis,Research,Microsoft Office"
San Francisco Bay Area,"[{'\n  Industry Knowledge': ['CRM', 'Business Analysis', 'Product Management', 'Strategic Planning', 'Competitive Analysis', 'Business Development', 'Product Marketing', 'Segmentation', 'Retail', 'Multi-channel Marketing', 'Forecasting', 'Marketing Strategy']}, {'\n  Interpersonal Skills': ['Cross-functional Team Leadership', 'Leadership', 'Management']}, {'\n  Other Skills': ['Brand Equity']}]","Analytics,Strategy,Customer Insight"
"Seattle, Washington","[{'\n  Industry Knowledge': ['Machine Learning', 'Statistics', 'Technical Writing', 'Data Analysis', 'Aerospace', 'Aeronautics', 'Engineering', 'Technical Documentation']}, {'\n  Tools & Technologies': ['SQL', 'Git', 'PostgreSQL']}, {'\n  Other Skills': ['Scikit-Learn', 'NumPy', 'Nastran', 'Wind Tunnel Testing', 'Aerodynamics', 'Flight Test', 'FAA Certifications', 'SciPy']}]","Data Science,Python,Matlab"
"Menlo Park, California","[{'\n  Industry Knowledge': ['Sales', 'Research', 'Financial Analysis']}, {'\n  Tools & Technologies': ['CSS', 'C', 'Photoshop', 'Microsoft Excel', 'Dreamweaver', 'JavaScript', 'Backbone.js', 'Microsoft Word']}, {'\n  Interpersonal Skills': ['Teaching']}, {'\n  Other Skills': ['Scheme', 'CoffeeScript', 'Convio', 'Slate']}]","Python,Microsoft Office,HTML"
"Chino Hills, California","[{'\n  Industry Knowledge': ['Machine Learning', 'Data Analysis', 'Research']}, {'\n  Tools & Technologies': ['LaTeX', 'Python', 'Microsoft Office', 'Microsoft Excel', 'Databases', 'SQL', 'C', 'SAS']}, {'\n  Other Skills': []}]","R,Matlab,Statistical Modeling"
San Francisco Bay Area,"[{'\n  Industry Knowledge': []}, {'\n  Tools & Technologies': []}, {'\n  Other Skills': []}]",
San Francisco Bay Area,"[{'\n  Industry Knowledge': ['Data Mining', 'Statistics', 'Quantitative Analytics', 'statistics']}, {'\n  Tools & Technologies': ['Microsoft Office', 'Matlab', 'Python', 'SQL', 'Microsoft Excel', 'MySQL', 'SaaS', 'C']}, {'\n  Interpersonal Skills': ['Teamwork']}, {'\n  Languages': ['English']}, {'\n  Other Skills': ['Time Series Analysis', 'Linear Regression', 'Cluster Analysis', 'Survival Analysis', 'Bayesian statistics']}]","R,Data Analysis,Research"
San Francisco Bay Area,"[{'\n  Industry Knowledge': ['Quantitative Analytics', 'Machine Learning', 'Data Visualization', 'Hedge Funds', 'Derivatives', 'Operations Research', 'Fixed Income', 'Financial Modeling', 'Options', 'Equities', 'Equity Derivatives']}, {'\n  Tools & Technologies': ['JavaScript', 'd3.js', 'Bloomberg', 'SQL', 'Tableau', 'AWS']}, {'\n  Other Skills': ['Quantitative Finance', 'Interest Rate Derivatives', 'Experimental Design']}]","Data Analysis,R,Python"
"Seattle, Washington","[{'\n  Industry Knowledge': ['Statistics', 'Mathematics', 'Object-Oriented Programming (OOP)']}, {'\n  Tools & Technologies': ['Git', 'SQL', 'R', 'LaTeX', 'Bash', 'Hadoop']}, {'\n  Other Skills': ['Data Science']}]","Machine Learning,Data Analysis,Python"
,,
San Francisco Bay Area,"[{'\n  Industry Knowledge': ['Product Management', 'Analysis', 'Data Analysis', 'Start-ups', 'Financial Modeling', 'Product Development', 'E-commerce']}, {'\n  Tools & Technologies': ['SQL', 'Microsoft Excel', 'R', 'MySQL', 'SaaS']}, {'\n  Interpersonal Skills': ['Strategic Partnerships']}]","Analytics,Strategy,Business Intelligence"
,,
San Francisco Bay Area,"[{'\n  Industry Knowledge': ['Machine Learning', 'Computer Science']}, {'\n  Tools & Technologies': ['Databases']}, {'\n  Other Skills': []}]","Java,R,Data Mining"
San Francisco Bay Area,"[{'\n  Industry Knowledge': ['Statistical Modeling', 'SAS programming', 'SAS Programming']}, {'\n  Tools & Technologies': ['Microsoft Office', 'SPSS', 'Microsoft Excel', 'LaTeX', 'SAS', 'Matlab', 'Microsoft Word', 'SQL']}, {'\n  Other Skills': ['Piano Playing']}]","R,Statistics,Data Analysis"
San Francisco Bay Area,"[{'\n  Industry Knowledge': ['Research', 'Data Mining', 'Statistical Modeling', 'Economics']}, {'\n  Tools & Technologies': ['SQL', 'C++', 'Java', 'PowerPoint', 'LaTeX', 'JavaScript', 'HTML', 'Unix', 'Tableau', 'd3.js']}, {'\n  Other Skills': ['Marketing Analytics', 'Analytical Modelling', 'Hive']}]","Statistics,R,Python"
San Francisco Bay Area,"[{'\n  Industry Knowledge': ['Strategy', 'Strategic Consulting', 'Data Analysis', 'Corporate Development', 'Competitive Analysis', 'Product Management', 'Analytical Skills', 'Big Data', 'Product Design', 'Writing', 'Editing', 'Creative Writing', 'Product Launch', 'Social Media']}, {'\n  Tools & Technologies': ['SQL', 'PowerPoint', 'Facebook']}, {'\n  Interpersonal Skills': ['Storytelling', 'Leadership', 'Presentations', 'Teaching']}, {'\n  Other Skills': ['Constructive Feedback', 'Data Science', 'Problem Structuring', 'Big Data Analytics', 'Presentation Design', 'Humor Writing', 'Humorist', 'Comedian', 'Parody', 'Behavioral Science', 'Cognitive Science', 'Social Media Advertising']}]","Analytics,Management Consulting,Business Strategy"
,,
"Seattle, Washington","[{'\n  Industry Knowledge': ['Analytics', 'Statistics', 'Machine Learning', 'Financial Modeling', 'SAS programming', 'Quantitative Analytics', 'SAS Programming', 'Research']}, {'\n  Tools & Technologies': ['SAS', 'SQL', 'LaTeX', 'Excel', 'Stata', 'Microsoft Office', 'Microsoft Excel', 'VBA', 'SQL Server']}, {'\n  Interpersonal Skills': ['Leadership']}, {'\n  Other Skills': ['Customer Segmentation Strategy', 'Statistical Programming']}]","Data Analysis,R,Statistical Modeling"
,,
,,
San Francisco Bay Area,"[{'\n  Industry Knowledge': []}, {'\n  Tools & Technologies': []}, {'\n  Other Skills': []}]",
"New York, New York","[{'\n  Industry Knowledge': ['Algorithms', 'Mathematics', 'Photography']}, {'\n  Tools & Technologies': ['Python', 'Mathematica', 'Java', 'C', 'Sage', 'Lightroom']}, {'\n  Languages': ['Chinese']}]","Research,Stata,Matlab"
,,
San Francisco Bay Area,"[{'\n  Industry Knowledge': ['Statistics', 'Statistical Modeling', 'Financial Modeling', 'Data Mining', 'Machine Learning', 'Data Analysis', 'Forecasting']}, {'\n  Tools & Technologies': ['C++', 'SAS', 'SQL', 'Python', 'MongoDB', 'Hadoop', 'C']}, {'\n  Other Skills': ['Quantitative Finance', 'Predictive Modeling', 'Data Science', 'Quantative Analysis', 'Exploratory Data Analysis']}]","Matlab,Quantitative Analytics,R"
,,
,,
,,
"New York, New York","[{'\n  Industry Knowledge': ['Statistics', 'Statistical Modeling', 'Data Mining']}, {'\n  Tools & Technologies': []}, {'\n  Other Skills': []}]","R,Python,SQL"
,,
San Francisco Bay Area,"[{'\n  Industry Knowledge': ['Analysis', 'Research']}, {'\n  Tools & Technologies': ['Microsoft Office', 'PowerPoint', 'Matlab', 'SAS', 'SQL']}, {'\n  Interpersonal Skills': ['Public Speaking']}, {'\n  Other Skills': []}]","Data Analysis,Microsoft Excel,Statistics"
United Kingdom,"[{'\n  Industry Knowledge': ['Social Media', 'Research', 'Mathematics', 'Event Planning', 'Quality Assurance']}, {'\n  Tools & Technologies': ['C', 'SQL']}, {'\n  Interpersonal Skills': ['Teamwork', 'Team Leadership', 'Problem Solving']}, {'\n  Other Skills': []}]","Leadership,Public Speaking,Microsoft Office"
Greater Detroit Area,"[{'\n  Industry Knowledge': ['Analysis', 'SAS programming', 'Economics', 'Financial Modeling', 'SAS Programming', 'Analytics', 'Financial Analysis', 'Corporate Finance', 'Actuarial Science']}, {'\n  Tools & Technologies': ['SPSS', 'Stata', 'Microsoft Excel', 'SQL', 'PowerPoint', 'C++', 'Python', 'Microsoft Word']}, {'\n  Languages': ['Mandarin', 'Chinese']}, {'\n  Other Skills': ['Predictive Modeling', 'Cantonese']}]","R,Data Mining,Statistics"
San Francisco Bay Area,"[{'\n  Industry Knowledge': ['Venture Capital', 'Entrepreneurship', 'Economics', 'Political Campaigns', 'Event Planning', 'Political Science', 'Investment Banking', 'Operations Management', 'Web Design', 'Business Development', 'Data Analysis']}, {'\n  Tools & Technologies': ['Java', 'C++', 'Bloomberg Terminal', 'Microsoft Excel', 'CapitalIQ']}, {'\n  Interpersonal Skills': ['Public Speaking']}, {'\n  Other Skills': ['Technology Management', 'Corporate Relations']}]","Research,Statistical Data Analysis,Leadership"
"Sydney, Australia","[{'\n  Industry Knowledge': ['Financial Modeling', 'Economics', 'Accounting']}, {'\n  Tools & Technologies': ['SAS', 'Microsoft Excel', 'Microsoft Office', 'PowerPoint', 'Microsoft Word', 'Matlab']}, {'\n  Languages': ['English']}]","Teamwork,Data Analysis,Financial Analysis"
Greater Chicago Area,"[{'\n  Industry Knowledge': ['Analytics', 'Data Analysis', 'Statistics', 'Data Mining', 'Statistical Modeling', 'Segmentation', 'Business Analysis', 'Forecasting', 'Analysis', 'Modeling']}, {'\n  Tools & Technologies': ['SQL', 'SPSS']}, {'\n  Other Skills': ['Predictive Analytics', 'Time Series Analysis', 'Teradata']}]","SAS,Logistic Regression,Predictive Modeling"
"Menlo Park, California","[{'\n  Industry Knowledge': ['Cell Culture', 'Confocal Microscopy', 'Statistics']}, {'\n  Tools & Technologies': ['Java', 'C', 'HTML']}, {'\n  Other Skills': []}]","Python,Cell Culture,Confocal Microscopy"
"Cupertino, California","[{'\n  Industry Knowledge': ['Statistical Modeling', 'Analytics', 'Machine Learning', 'Market Research', 'Data Mining', 'Statistics', 'Quantitative Research', 'Customer Insight', 'Algorithms', 'Product Development', 'Data Visualization']}, {'\n  Tools & Technologies': ['MySQL', 'Stata']}, {'\n  Interpersonal Skills': []}, {'\n  Other Skills': ['Marketing Analytics', 'Time Series Analysis', 'Logistic Regression', 'Decision Trees', 'Marketing Research']}]","Predictive Modeling,R,Data Analysis"
San Francisco Bay Area,"[{'\n  Industry Knowledge': ['Social Media Marketing', 'Marketing', 'Digital Marketing']}, {'\n  Tools & Technologies': ['Python', 'Photoshop', 'PowerPoint', 'Microsoft Excel', 'Google Analytics']}, {'\n  Interpersonal Skills': ['Leadership', 'Public Speaking']}, {'\n  Other Skills': ['Data Analytics', 'Creative Concept Design']}]","Social Media,Digital Photography,Graphic Design"
Greater Boston Area,"[{'\n  Industry Knowledge': ['Machine Learning', 'Bioinformatics', 'Simulations', 'Statistics', 'Nanotechnology', 'Signal Processing', 'Image Processing', 'Data Analysis', 'Research', 'Computer Vision', 'Computer Science', 'Data Mining', 'Numerical Analysis', 'Science', 'Biochemistry', 'Modeling']}, {'\n  Tools & Technologies': ['LaTeX', 'Mathematica', 'Python', 'Fortran', 'C++', 'C', 'Linux']}, {'\n  Other Skills': ['Pattern Recognition', 'Scientific Computing', 'Computational Biology']}]","Matlab,Algorithms,Mathematical Modeling"
Greater New York City Area,"[{'\n  Industry Knowledge': ['Analytics', 'Data Analysis', 'Business Analysis', 'Database Administration', 'Data Warehousing', 'Analysis', 'Reporting & Analysis', 'Quality Assurance', 'Automation', 'E-commerce', 'Business Reporting', 'Software Development', 'Web Development', 'Software Project Management', 'Report Writing', 'Database Design']}, {'\n  Tools & Technologies': ['Microsoft SQL Server', 'C#', 'T-SQL', 'MySQL', 'SQL Server']}, {'\n  Interpersonal Skills': []}]","Databases,SQL,Business Intelligence"
Greater Seattle Area,"[{'\n  Industry Knowledge': ['Physics', 'Thin Films', 'Spectroscopy', 'Science', 'Research', 'Curriculum Development', 'Machine Learning', 'NLP']}, {'\n  Tools & Technologies': ['SQL', 'LaTeX', 'Educational Technology', 'pandas', 'Amazon Web Services (AWS)']}, {'\n  Interpersonal Skills': ['Teaching']}, {'\n  Other Skills': ['Experimental Physics', 'Ellipsometry', 'Experimentation', 'FTIR', 'UHV', 'Inquiry-based Learning', 'NumPy', 'Scikit-Learn', 'Apache Spark', 'Natural Language Processing', 'Unsupervised Learning']}]","Python,Data Analysis,Instructional Design"
San Francisco Bay Area,"[{'\n  Industry Knowledge': ['Statistics', 'Data Analysis', 'Algorithms', 'Data Structures', 'Mathematical Modeling', 'Machine Learning', 'Programming', 'Research', 'Simulations', 'Analytics', 'Information Technology', 'SAS Programming', 'Analysis', 'Statistical Data Analysis']}, {'\n  Tools & Technologies': ['D3.js', 'SQL', 'C', 'Matlab', 'Hadoop', 'C++', 'Java', 'Photoshop', 'Microsoft Office', 'OpenGL', 'Mathematica', 'Microsoft Excel', 'SAS']}, {'\n  Other Skills': ['Apache Spark', 'Apache Pig', 'Hive', 'Predictive Modeling', 'Stochastic Processes', 'Multisim', 'OrCAD Capture', 'SAS Base']}]","Data Mining,R,Python"
"San Francisco, California","[{'\n  Industry Knowledge': ['Algorithms', 'Software Engineering', 'Web Development', 'Integration', 'Data Analysis']}, {'\n  Tools & Technologies': ['Microsoft SQL Server', 'Java', '.NET', 'Tableau', 'R', 'jQuery', 'JavaScript', 'MySQL', 'PL/SQL', 'HTML', 'ASP.NET', 'Eclipse', 'LINQ', 'ASP.NET AJAX', 'Operating Systems', 'Visual Studio', 'AJAX', 'CSS', 'SSIS', 'TFS', 'Git', 'SQL Server Integration Services (SSIS)']}, {'\n  Other Skills': ['VSS', 'TIBCO iProcess']}]","Databases,SQL,C#"
Greater New York City Area,"[{'\n  Industry Knowledge': ['Analytics', 'Business Intelligence', 'Econometrics', 'Statistics']}, {'\n  Tools & Technologies': ['SAS', 'SQL', 'Tableau', 'C++', 'R', 'Hadoop', 'Python', 'Matlab']}, {'\n  Other Skills': ['Teradata', 'Time Series Analysis']}]","Data Analysis,Microsoft Excel,Research"
San Francisco Bay Area,"[{'\n  Industry Knowledge': ['Product Innovation', 'Data Modeling', 'Analytics']}, {'\n  Tools & Technologies': ['SQL', 'Python']}, {'\n  Interpersonal Skills': ['Team Management']}]","Leadership,Statistics,Business Analysis"
San Francisco Bay Area,"[{'\n  Industry Knowledge': ['Data Analysis', 'Simulations', 'Optimization', 'Statistical Modeling', 'Research']}, {'\n  Tools & Technologies': ['C++', 'Microsoft Office', 'LaTeX', 'VBA', 'R']}, {'\n  Other Skills': ['Arena Simulation Software', 'AMPL', 'Combinatorial Optimization', 'Integer Programming', 'Stochastic Programming', 'Stochastic Modeling', 'Xpress', 'Mosel']}]","Mathematical Modeling,Matlab,Operations Research"
San Francisco Bay Area,"[{'\n  Industry Knowledge': ['SAS programming', 'Data Mining']}, {'\n  Tools & Technologies': ['Matlab', 'SQL', 'Eviews', 'SPSS']}, {'\n  Other Skills': ['Regression Analysis', 'Multivariate Analysis', 'Microsoft Suites', 'Predictive Modeling', 'Monte Carlo Simulation']}]","R,Statistical Modeling,Data Analysis"
"Port Washington, New York","[{'\n  Industry Knowledge': ['Artificial Intelligence', 'Analytics']}, {'\n  Tools & Technologies': ['Matlab', 'Java', 'C++']}, {'\n  Other Skills': ['Probabilistic Models']}]","Natural Language Processing,Machine Learning,Python"
"Ra’anana, HaMerkaz (Central) District, Israel","[{'\n  Industry Knowledge': ['Product Marketing', 'Financial Modeling', 'Financial Services', 'Business Analysis', 'Risk Management', 'Analysis', 'Financial Analysis', 'Credit', 'Online Advertising', 'Start-ups', 'Business Strategy', 'Data Analysis', 'CRM', 'Credit Risk', 'Forecasting', 'Credit Cards', 'Business Development', 'Product Management', 'Portfolio Management', 'Online Marketing', 'Mobile Marketing', 'Project Management', 'Call Centers', 'Competitive Intelligence', 'Finance', 'Pricing', 'Vendor Management', 'Competitive Analysis', 'Process Improvement']}, {'\n  Tools & Technologies': ['SAS', 'MIS', 'SQL']}, {'\n  Interpersonal Skills': ['Management', 'Leadership', 'Strategic Partnerships', 'Team Management']}, {'\n  Other Skills': ['Relationship Management']}]","Analytics,Strategy,Segmentation"
San Francisco Bay Area,"[{'\n  Industry Knowledge': ['Data Analysis', 'Business Analysis', 'Web Analytics', 'Strategy']}, {'\n  Tools & Technologies': ['SQL', 'R', 'Tableau']}, {'\n  Interpersonal Skills': ['Team Leadership', 'Management', 'Team Management']}, {'\n  Other Skills': ['Teradata SQL', 'Omniture', 'Adobe Site catalyst']}]","Analytics,Analysis,Business Analytics"
"London, United Kingdom","[{'\n  Industry Knowledge': ['Research']}, {'\n  Tools & Technologies': ['Python', 'SQL', 'Docker', 'Github', 'Tableau', 'Matlab', 'Mathematica', 'Microsoft Office', 'Microsoft Excel', 'PowerPoint']}, {'\n  Other Skills': ['Data Science']}]","Data Analysis,Strategy,Product Management"
San Francisco Bay Area,"[{'\n  Industry Knowledge': ['Data Analysis', 'Research', 'Statistics', 'Financial Modeling', 'Programming', 'Machine Learning']}, {'\n  Tools & Technologies': ['PowerPoint', 'Microsoft Word', 'R', 'Mathematica', 'C', 'VBA', 'SQL', 'Microsoft Access', 'Microsoft PowerPoint', 'Microsoft SQL Server', 'Oracle SQL Developer', 'MySQL']}, {'\n  Interpersonal Skills': ['Management']}, {'\n  Other Skills': ['MPI', 'CUDA']}]","Matlab,Microsoft Excel,Microsoft Office"
San Francisco Bay Area,"[{'\n  Industry Knowledge': ['Operations Research', 'Analytics', 'Data Mining', 'Mathematical Modeling', 'Operations Management', 'Statistical Modeling', 'Business Strategy']}, {'\n  Tools & Technologies': ['SAS', 'Matlab', 'Java', 'SQL', 'Python', 'Stata']}, {'\n  Other Skills': ['Monte Carlo Simulation', 'Traffic Simulation', 'Pricing Optimization', 'Hive', 'Linear Optimization']}]","Data Analysis,Statistics,R"
Greater Seattle Area,"[{'\n  Industry Knowledge': ['Analytics', 'Quantitative Analytics', 'Data Analysis', 'Data Mining', 'Analysis', 'Statistical Modeling', 'Econometrics', 'Economics', 'Business Analytics', 'Segmentation']}, {'\n  Tools & Technologies': ['Stata', 'SQL', 'Python']}, {'\n  Other Skills': ['Time Series Analysis', 'Predictive Analytics', 'Quantitative Finance']}]","SAS,R,Statistics"
San Francisco Bay Area,"[{'\n  Industry Knowledge': ['Software Development', 'Algorithms', 'Computer Vision', 'Economics', 'Forecasting', 'Data Analysis', 'Financial Modeling', 'Econometrics', 'Financial Analysis', 'Valuation', 'Mergers & Acquisitions', 'Corporate Finance']}, {'\n  Tools & Technologies': ['Java', 'Microsoft Excel', 'VBA', 'Stata']}, {'\n  Other Skills': ['Deep Learning', 'Neural Networks', 'Natural Language Processing']}]","Python,Machine Learning,SQL"
"Stanford, California","[{'\n  Industry Knowledge': ['Statistical Data Analysis', 'Nanotechnology', 'Physics', 'Characterization', 'Analytics', 'Data Analysis']}, {'\n  Tools & Technologies': ['Matlab', 'Mathematica']}, {'\n  Other Skills': ['AFM', 'Nanofabrication', 'Powder X-ray Diffraction', 'TEM']}]","SQL,A/B Testing,APT"
San Francisco Bay Area,"[{'\n  Industry Knowledge': ['Analysis', 'Retail', 'Merchandising', 'Data Analysis']}, {'\n  Tools & Technologies': ['Microsoft Excel', 'Adobe Creative Suite', 'PowerPoint', 'QuickBooks', 'Oracle E-Business Suite', 'SQL', 'Microsoft Word']}, {'\n  Other Skills': ['JMP', 'Targit', 'Island Pacific']}]","Microsoft Office,Research,Sales"
"Mountain View, California","[{'\n  Industry Knowledge': ['Psychology', 'Data Analysis', 'Cell Culture']}, {'\n  Tools & Technologies': ['SQL', 'Microsoft Office', 'Matlab']}, {'\n  Other Skills': ['Game Theory', 'Probability Theory', 'Direct Response Television', 'Linear Programming']}]","Statistics,Java,R"
"San Francisco, California","[{'\n  Industry Knowledge': ['Analysis', 'Forecasting', 'Analytics', 'Strategy', 'Statistics', 'Pricing', 'Revenue Management', 'Business Intelligence', 'Regression', 'Optimization', 'Hotels', 'Segmentation', 'Database Marketing', 'Casino']}, {'\n  Tools & Technologies': ['SAS', 'R', 'SQL']}, {'\n  Interpersonal Skills': ['Management']}, {'\n  Other Skills': ['Loyalty Programs']}]","Data Mining,Pricing Strategy,Revenue Analysis"
"Cupertino, California","[{'\n  Industry Knowledge': ['Social Media', 'Financial Analysis', 'Data Analysis', 'Research', 'Statistics', 'Event Planning', 'Marketing', 'Financial Modeling', 'Strategic Planning', 'Market Research', 'Accounting', 'Social Media Marketing', 'Marketing Strategy', 'Scrum', 'Data Visualization', 'Data Warehousing', 'Search Engine Optimization (SEO)', 'Search Engine Marketing (SEM)']}, {'\n  Tools & Technologies': ['PowerPoint', 'Microsoft Word', 'Photoshop', 'Java', 'HTML', 'VBA', 'Google Adwords', 'C#', 'Google Analytics', 'SQL', 'JavaScript', 'R', 'Tableau', 'Python']}, {'\n  Interpersonal Skills': ['Teamwork', 'Public Speaking', 'Customer Service', 'Leadership', 'Management']}, {'\n  Languages': ['Mandarin', 'Chinese', 'Japanese']}, {'\n  Other Skills': ['Unity', 'Social Networking', 'Google Apps Script', 'Tableu', 'Data Manipulation', 'Business Process Automation']}]","Microsoft Excel,Microsoft Office,Finance"
United States,"[{'\n  Industry Knowledge': ['Machine Learning']}, {'\n  Tools & Technologies': ['Microsoft Word', 'Python', 'Microsoft Excel', 'Microsoft Office']}, {'\n  Interpersonal Skills': ['Communication', 'Public Speaking']}, {'\n  Other Skills': ['Peer Leadership', 'Predictive Analytics', 'Pizza', 'Social Networking', 'Intermediate Programming']}]","Analytics,Community Outreach,Communications"
,,
"Menlo Park, California","[{'\n  Industry Knowledge': ['Cloud Computing', 'Machine Learning', 'Algorithms', 'Artificial Intelligence', 'Computer Vision', 'Data Mining']}, {'\n  Tools & Technologies': ['Python', 'Hadoop']}, {'\n  Other Skills': ['Natural Language Processing', 'Deep Learning', 'Pattern Recognition']}]","Product Management,Big Data,Java"
,,
,,
"London, Greater London, United Kingdom","[{'\n  Industry Knowledge': ['Data Analysis', 'Scientific Writing', 'Business Analysis']}, {'\n  Tools & Technologies': ['R', 'SPSS', 'Microsoft Office', 'C', 'SQL']}, {'\n  Other Skills': ['Written & Oral Presentation Skills', 'Hive']}]","Machine Learning,Statistics,Python"
"Sunnyvale, California","[{'\n  Industry Knowledge': ['Data Mining', 'Data Analysis', 'Statistics', 'Machine Learning', 'Analytics', 'Agile Methodologies', 'Test Driven Development', 'Software Development', 'Web Services', 'Web Applications', 'Algorithms', 'Business Intelligence']}, {'\n  Tools & Technologies': ['SAS', 'SQL', 'MongoDB', 'Microsoft Office', 'Oracle SQL', 'Java', 'Ruby', 'Spring', 'Hibernate', 'HTML', 'Ruby on Rails', 'Core Java', 'JavaScript', 'CSS', 'JUnit', 'REST', 'Spring Framework', 'Linux']}, {'\n  Other Skills': ['Data Science', 'Weka', 'Website Development', 'J2EE Application Development']}]","R,Python,Data Mining"
San Francisco Bay Area,"[{'\n  Industry Knowledge': ['Statistical Modeling', 'Statistics', 'Valuation', 'Equity Research', 'Financial Analysis', 'Financial Modeling', 'Research', 'Social Media', 'Data Analysis', 'Computer Vision']}, {'\n  Tools & Technologies': ['SQL', 'D3.js', 'Github', 'MongoDB', 'Capital IQ', 'Microsoft Office', 'Bloomberg', 'Java', 'Matlab', 'HTML', 'JavaScript', 'Microsoft Excel', 'Microsoft Word', 'PowerPoint', 'CSS', 'Amazon Web Services (AWS)', 'Microsoft PowerPoint', 'Adobe Creative Suite']}, {'\n  Other Skills': ['Data Science', 'Natural Language Processing', 'Web Scraping', 'Equity Valuation', 'Regression Analysis', 'Feature Extraction', 'Feature Selection', 'Solver', 'Crystal Ball', 'Consumer', 'Specialty Retail', 'JMP Statistical Software']}]","Python,Machine Learning,Statistical Data Analysis"
,,
"London, Greater London, United Kingdom","[{'\n  Industry Knowledge': ['Video Games', 'Programming', 'Online Gaming', 'Research', 'Object Oriented Design', 'Technical Writing', 'Data Entry']}, {'\n  Tools & Technologies': ['Python', 'C++', 'SQL', 'OS X', 'MySQL', 'Visio', 'Linux', 'PowerPoint', 'Outlook', 'Windows', 'Microsoft Excel']}, {'\n  Interpersonal Skills': ['Team Leadership', 'Management', 'Customer Support']}, {'\n  Other Skills': ['Computer Games']}]","Data Analysis,Analytics,Physics"
"San Francisco, California","[{'\n  Industry Knowledge': ['Social Media', 'Project Management', 'Business Strategy', 'Data Analysis', 'Market Research', 'Machine Learning', 'Data Visualization', 'Consulting', 'Research']}, {'\n  Tools & Technologies': ['Microsoft Word', 'Microsoft Excel', 'Python', 'SQL', 'R', 'Microsoft Office', 'Microsoft PowerPoint']}, {'\n  Interpersonal Skills': ['Public Speaking', 'Leadership', 'Teamwork', 'Management']}, {'\n  Languages': ['English']}]","Financial Analysis,Financial Accounting,PowerPoint"
"Sacramento, California Area","[{'\n  Industry Knowledge': ['Analytics', 'Data Visualization', 'Data Mining', 'Data Analysis', 'Programming', 'Mathematics', 'Statistical Modeling', 'Quantitative Analytics', 'Big Data']}, {'\n  Tools & Technologies': ['R Programming', 'Python', 'LaTeX', 'Git', 'MySQL', 'Microsoft Excel', 'SAS', 'Microsoft Word', 'PostgreSQL', 'Hadoop', 'Databases', 'Linux', 'C', 'Excel', 'MongoDB', 'JavaScript']}, {'\n  Other Skills': ['Applied Mathematics', 'Hive', 'Predictive Modeling', 'Mathematical Analysis', 'Greenplum', 'Facebook API', 'Time Series Analysis', 'A/B testing']}]","R,Statistics,SQL"
San Francisco Bay Area,"[{'\n  Industry Knowledge': []}, {'\n  Tools & Technologies': []}, {'\n  Other Skills': []}]",
"Menlo Park, California","[{'\n  Industry Knowledge': ['Analysis', 'Algorithms', 'Optimization', 'Data Analysis', 'Analytics', 'Data Mining', 'Forecasting', 'Inventory Management', 'Revenue Management', 'Online Advertising', 'Retail', 'Revenue Analysis', 'Supply Chain Management']}, {'\n  Tools & Technologies': ['Matlab', 'LaTeX', 'SQL', 'C++']}, {'\n  Interpersonal Skills': ['Management']}, {'\n  Other Skills': ['Network Optimization', 'Price Optimization', 'Linear/Nonlinear/Dynamic/Integer Programming', 'Forecasting Models', 'SAS Markdown optimization', 'Retail Industry']}]","SAS,Operations Research,Statistics"
San Francisco Bay Area,"[{'\n  Industry Knowledge': ['Technical Recruiting', 'Temporary Placement', 'Internet Recruiting', 'Business Development', 'Hiring', 'Security']}, {'\n  Tools & Technologies': ['Applicant Tracking Systems']}, {'\n  Interpersonal Skills': ['Management', 'Talent Management', 'Search']}, {'\n  Other Skills': ['Networking', 'Talent Acquisition']}]","Recruiting,Sourcing,Interviews"
,,
,,
San Francisco Bay Area,"[{'\n  Industry Knowledge': ['Machine Learning', 'Econometrics', 'Economics', 'Research Design', 'Policy Analysis', 'Report Writing', 'Research']}, {'\n  Tools & Technologies': ['Matlab', 'python', 'R', 'Stata', 'LaTeX']}, {'\n  Interpersonal Skills': ['University Teaching']}]","Data Analysis,Data Mining,Statistics"
San Francisco Bay Area,"[{'\n  Industry Knowledge': ['Data Mining', 'Analytics', 'Data Analysis', 'Machine Learning', 'Statistical Modeling', 'Simulations', 'Algorithms', 'Operations Research', 'Mathematical Modeling', 'Analysis', 'Distributed Systems', 'Programming', 'Supply Chain Optimization', 'Database Design', 'Segmentation']}, {'\n  Tools & Technologies': ['R', 'SQL', 'Python']}, {'\n  Other Skills': ['Predictive Analytics', 'Integer Programming', 'Predictive Modeling', 'Linear Programming']}]","Big Data,Statistics,Data Mining"
,,
"London, United Kingdom","[{'\n  Industry Knowledge': ['Statistics', 'Programming', 'Software Development', 'Physics', 'Science', 'Statistical Data Analysis', 'Shell Scripting', 'Research', 'Analysis']}, {'\n  Tools & Technologies': ['C++', 'Python', 'R', 'Unix', 'Bash', 'LaTeX', 'Subversion', 'Git']}, {'\n  Other Skills': ['Particle Physics', 'Data Reduction', 'ROOT']}]","Data Analysis,Statistical Modeling,Machine Learning"
"Palo Alto, California","[{'\n  Industry Knowledge': ['Market Research', 'Machine Learning', 'Statistics']}, {'\n  Tools & Technologies': ['Python', 'Stata', 'Tableau', 'Mathematica']}]","Data Analysis,SQL,R"
San Francisco Bay Area,"[{'\n  Industry Knowledge': ['Data Analysis', 'Analytics', 'Statistical Modeling', 'Data Modeling', 'Research', 'Statistics', 'Report Writing', 'Biostatistics']}, {'\n  Tools & Technologies': ['Databases', 'SQL', 'SAS']}, {'\n  Other Skills': ['Logistic Regression', 'Statistical Programming', 'Genetic Analysis', 'Population Genetics', 'Linear Regression', 'Data Processing', 'Predictive Modeling', 'Molecular Genetics', 'Statistical Genetics', 'linear models', 'Canadian History']}]","R,Data Munging,Data Visualization"
Greater Seattle Area,"[{'\n  Industry Knowledge': ['Statistics', 'Operations Research', 'Statistical Modeling', 'Mathematical Modeling']}, {'\n  Tools & Technologies': ['SQL', 'SPSS', 'Hadoop', 'Oracle', 'SAS', 'PLSQL', 'Python']}, {'\n  Other Skills': []}]","R,Data Mining,Optimization"
Greater New York City Area,"[{'\n  Industry Knowledge': ['Research']}, {'\n  Tools & Technologies': ['Java', 'C', 'HTML', 'Microsoft Office', 'Adobe Creative Suite']}, {'\n  Interpersonal Skills': ['Public Speaking']}, {'\n  Other Skills': ['SAS Base', 'iWork']}]","Data Analysis,R,Python"
Greater Seattle Area,"[{'\n  Industry Knowledge': ['SEM', 'Online Marketing', 'CRM', 'Web Analytics', 'Product Management', 'Online Advertising', 'Digital Marketing', 'E-commerce', 'Digital Strategy', 'Product Marketing', 'Email Marketing', 'Customer Relationship Management (CRM)', 'Search Engine Marketing (SEM)']}, {'\n  Tools & Technologies': ['Salesforce.com', 'SQL', 'Python', 'Marketo', 'Google Analytics', 'Microsoft Excel', 'MySQL']}, {'\n  Other Skills': ['Marketing Automation', 'Eloqua']}]","Analytics,Lead Generation,Marketing"
San Francisco Bay Area,"[{'\n  Industry Knowledge': ['Machine Learning', 'Data Analysis', 'Writing']}, {'\n  Tools & Technologies': ['SAS', 'Python', 'SQL', 'Microsoft Excel', 'Matlab']}, {'\n  Interpersonal Skills': ['Leadership', 'Public Speaking']}, {'\n  Other Skills': ['Text Mining', 'Statistical Programming', 'Economic Research']}]","Statistics,R,Data Mining"
San Francisco Bay Area,"[{'\n  Industry Knowledge': ['Statistics', 'SAS programming', 'Shell Scripting', 'Database Management', 'Research', 'Science']}, {'\n  Tools & Technologies': ['R', 'SQL', 'Python', 'Hadoop', 'SAS', 'Java', 'Matlab', 'Tableau', 'NoSQL', 'HBase', 'Microsoft Office', 'SPSS', 'Microsoft Excel', 'Linux', 'Unix', 'Git']}, {'\n  Other Skills': ['Predictive Modeling', 'A/B Testing', 'SAS E-Miner', 'MapReduce']}]","Data Mining,Machine Learning,Data Analysis"
,,
San Francisco Bay Area,"[{'\n  Industry Knowledge': ['Analysis', 'Research', 'Quantitative Research', 'Econometrics', 'Data Mining', 'Statistical Modeling', 'Data Visualization']}, {'\n  Tools & Technologies': ['Stata', 'GIS', 'Python', 'SQL', 'SPSS', 'Eviews', 'HTML', 'Tableau']}, {'\n  Interpersonal Skills': ['Qualitative Research']}, {'\n  Other Skills': ['Apache Spark', 'JavaScript (D3, Leaflet, etc.)', 'Basics of Unix', 'Experimental Analysis', 'COSMOS']}]","Data Analysis,R,Statistics"
San Francisco Bay Area,"[{'\n  Industry Knowledge': ['Analysis', 'Credit Cards', 'Economics', 'Email Marketing', 'Fraud', 'Marketing', 'Big Data', 'Event Planning', 'Business Analysis', 'Analytics']}, {'\n  Tools & Technologies': ['SAS', 'Python', 'R', 'LaTeX', 'Linux', 'MySQL', 'HTML', 'Matlab', 'Microsoft Office']}, {'\n  Other Skills': ['Teradata', 'Credit Card Fraud', 'Logistic Regression']}]","Data Analysis,SQL,Statistics"
"Los Angeles, California","[{'\n  Industry Knowledge': ['Optimization', 'Simulations', 'Statistics', 'Data Mining', 'Algorithms', 'Signal Processing', 'Image Processing', 'Mixed Signal', 'Wireless', 'IC', 'Optics', 'RF', 'Digital Signal Processors']}, {'\n  Tools & Technologies': ['Matlab', 'MongoDB', 'Hadoop', 'Java', 'Simulink']}]","SQL,Python,Machine Learning"
"New York, New York","[{'\n  Industry Knowledge': ['Economics', 'SEO', 'Supply Chain Operations', 'Office Administration', 'Data Analysis', 'Research']}, {'\n  Tools & Technologies': ['SQL', 'Google Webmaster Tools', 'VBA', 'PowerPoint', 'Stata', 'Google Adwords', 'Python']}, {'\n  Other Skills': ['Vertica', 'Environmental Economics', 'Asia Pacific', 'Productivity']}]","Econometrics,Statistical Modeling,Matlab"
"New York, New York","[{'\n  Industry Knowledge': ['Data Mining', 'Analytics', 'Statistics', 'Program Management']}, {'\n  Tools & Technologies': ['Microsoft Excel', 'Python', 'HTML', 'Microsoft Office', 'VBA', 'Access', 'C', 'Matlab', 'C  ', 'MySQL', 'Visual Basic for Applications (VBA)']}, {'\n  Other Skills': ['Predictive Modeling', 'Optimization Models', 'Optimization Modeling', 'Logistics modelling']}]","Data Analysis,SQL,R"
Singapore,"[{'\n  Industry Knowledge': ['Machine Learning', 'NLP', 'Data Mining', 'Business Analysis', 'Shell Scripting', 'SAN', 'Storage', 'Requirements Analysis', 'Business Strategy', 'Strategy', 'Data Analysis', 'Analytics', 'Analysis']}, {'\n  Tools & Technologies': ['SQL', 'Unix', 'AIX', 'Windows Server', 'C', 'PHP', 'Active Directory', 'Servers', 'IBM AIX', 'C++', 'Microsoft Office']}, {'\n  Interpersonal Skills': ['Management']}, {'\n  Other Skills': ['User Stories']}]","SPSS,R,Python"
San Francisco Bay Area,"[{'\n  Industry Knowledge': ['Technical Writing', 'Proofreading']}, {'\n  Other Skills': ['Monte Carlo Simulation', 'Statistical Mechanics', 'Quantum Mechanics', 'Condensed Matter Physics', 'Written & Oral Presentation Skills']}]","Scientific Computing,Programming,Data Analysis"
San Francisco Bay Area,"[{'\n  Industry Knowledge': ['Statistics', 'Analytics', 'Research', 'Data Mining', 'Risk Management', 'Economics', 'Programming', 'Quantitative Analytics', 'Business Analysis']}, {'\n  Tools & Technologies': ['Microsoft Excel', 'Matlab', 'Python', 'R', 'Stata', 'Databases', 'Java', 'Unix', 'SAS']}, {'\n  Interpersonal Skills': ['Leadership']}, {'\n  Other Skills': ['Teradata']}]","Data Analysis,Analysis,SQL"
,,
,,
San Francisco Bay Area,"[{'\n  Industry Knowledge': ['Data Analysis']}, {'\n  Tools & Technologies': ['Java', 'MySQL', 'R', 'Matlab', 'Linux', 'JavaScript', 'JIRA', 'HTML', 'CSS', 'Ruby on Rails']}]","Python,C,C++"
,,
San Francisco Bay Area,"[{'\n  Industry Knowledge': ['Data Analysis', 'PPC', 'SEO', 'Email Marketing', 'Analytics', 'Facebook Marketing', 'Mobile Advertising', 'Display Advertising', 'Product Marketing', 'Social Media Marketing', 'Business Development', 'Marketing', 'Entrepreneurship', 'Start-ups', 'Social Media', 'E-commerce', 'SEM', 'Online Marketing', 'Search Engine Optimization (SEO)']}, {'\n  Tools & Technologies': ['Google Analytics', 'Google Adwords', 'Microsoft Excel', 'HTML', 'CSS']}, {'\n  Interpersonal Skills': ['Lead Generation', 'Management', 'Leadership']}]","SQL,Data Science,Python"
"Mountain View, California","[{'\n  Industry Knowledge': ['Solar Energy', 'Renewable Energy', 'Automation', 'Signal Processing', 'Energy', 'Power Generation', 'Electrical Engineering', 'Simulations', 'Power Electronics', 'Energy Efficiency', 'Programming', 'SAS Programming', 'Microcontrollers', 'Web Analytics', 'E-commerce', 'Smart Grid', 'Digital Signal Processors', 'Machine Learning', 'Image Processing', 'VLSI']}, {'\n  Tools & Technologies': ['Matlab', 'C++', 'Pspice', 'JavaScript', 'Microsoft Office', 'Simulink', 'VHDL', 'Verilog', 'Windows', 'Django', 'SQL', 'Microsoft Excel', 'PowerPoint']}, {'\n  Other Skills': ['ModelSim']}]","Python,C,Data Analysis"
"New York, New York","[{'\n  Industry Knowledge': ['Statistics', 'Mathematical Modeling', 'Science', 'Higher Education', 'Nonprofits']}, {'\n  Tools & Technologies': ['LaTeX', 'SPSS', 'Matlab', 'Python']}, {'\n  Interpersonal Skills': ['Teaching', 'Public Speaking', 'University Teaching', 'Qualitative Research']}]","Mathematics,Data Analysis,Research"
,,
"Stanford, California","[{'\n  Industry Knowledge': ['Algorithms', 'Data Analysis', 'CFD', 'Thermodynamics', 'Data Mining']}, {'\n  Tools & Technologies': ['Mathematica', 'python', 'LaTeX', 'SQL', 'Python']}, {'\n  Other Skills': ['Numerical Simulation', 'Scientific Computing', 'Data Science', 'Fluid Dynamics', 'Applied Mathematics', 'High Performance Computing', 'COMSOL', 'Experimentation']}]","Mathematical Modeling,Machine Learning,Simulations"
